"keys","en","vi"
"UI_MENU_TITLE","Menu","Menu"
"UI_SAVE","Save","Lưu"
"UI_LOAD","Load","Tải"
"UI_NEW_GAME","New Game","Ván Mới"
"UI_RESUME","Resume (Esc)","Tiếp tục (Esc)"
"UI_QUIT_TO_TITLE","Quit to Title","Về Màn Hình Chính"
"UI_SAVED","Saved.","Đã lưu."
"UI_SAVE_FAILED","Save failed — see console.","Lưu thất bại — xem console."
"UI_LOADED","Loaded.","Đã tải."
"UI_LOAD_FAILED","Load failed — see console.","Tải thất bại — xem console."
"UI_STARTED_NEW_GAME","Started a new game.","Đã bắt đầu ván mới."
"UI_TITLE_SCREEN_TITLE","Narrative Sandbox — Milestone 0","Thử Nghiệm Cốt Truyện — Milestone 0"
"UI_TITLE_SCREEN_SUBTITLE","Technical prototype — placeholder content only","Bản dựng kỹ thuật — chỉ chứa nội dung tạm"
"UI_CONTINUE","Continue","Tiếp tục"
"UI_QUIT","Quit","Thoát"
"UI_COULD_NOT_LOAD_SAVE","Could not load save — see console.","Không tải được file lưu — xem console."
"UI_EVIDENCE_BUTTON","Evidence","Vật chứng"
"UI_MENU_BUTTON","Menu","Menu"
"UI_ADVANCE_HINT","▼ click / Enter","▼ nhấp / Enter"
"UI_EXAMINE_SECTION","Examine","Khám xét"
"UI_CHARACTERS_SECTION","Characters","Nhân vật"
"UI_MOVE_SECTION","Move","Di chuyển"
"UI_GO_SOMEWHERE_ELSE","Go somewhere else...","Đi nơi khác..."
"UI_TALK","Talk","Nói chuyện"
"UI_PRESENT_EVIDENCE","Present Evidence","Đưa vật chứng"
"UI_BACK","< Back","< Quay lại"
"UI_TALK_TO_FORMAT","Talk to %s","Nói chuyện với %s"
"UI_NOTHING_TO_TALK_ABOUT","(nothing to talk about yet)","(chưa có gì để nói)"
"UI_READ_SUFFIX"," (read)"," (đã xem)"
"UI_MOVE_TO","Move to...","Di chuyển đến..."
"UI_EVIDENCE_TITLE","Evidence","Vật chứng"
"UI_SELECT_EVIDENCE_TO_PRESENT","Select Evidence to Present","Chọn Vật Chứng Để Đưa Ra"
"UI_CLOSE_ESC","Close (Esc)","Đóng (Esc)"
"UI_NO_EVIDENCE_COLLECTED","(no evidence collected yet)","(chưa thu thập vật chứng nào)"
"UI_NO_EVIDENCE_SELECTED","No evidence selected","Chưa chọn vật chứng"
"UI_PRESENT","Present","Đưa ra"
"UI_EVIDENCE_HINT","Click evidence to inspect it. Esc — Close.","Nhấp vào vật chứng để xem chi tiết. Esc — Đóng."
"UI_LANGUAGE_LABEL","Language","Ngôn ngữ"
"CHAR_CHARACTER_A_NAME","Character A","Nhân Vật A"
"CHAR_CHARACTER_B_NAME","Character B","Nhân Vật B"
"EVID_TEST_KEY_NAME","Old Key","Chìa Khóa Cũ"
"EVID_TEST_KEY_SHORT","A small brass key.","Một chiếc chìa khóa đồng nhỏ."
"EVID_TEST_KEY_DETAIL","A small brass key found on the desk. It looks old, and too small for any door in this building.","Một chiếc chìa khóa đồng nhỏ tìm thấy trên bàn làm việc. Nó trông cũ kỹ, và quá nhỏ để mở bất kỳ cánh cửa nào trong tòa nhà này."
"EVID_TEST_BADGE_NAME","Brass Badge","Huy Hiệu Đồng"
"EVID_TEST_BADGE_SHORT","A tarnished badge.","Một chiếc huy hiệu đã xỉn màu."
"EVID_TEST_BADGE_DETAIL","A tarnished brass badge with a worn engraving, tucked out of sight. Too faded to read clearly.","Một chiếc huy hiệu đồng xỉn màu với dòng chữ khắc đã mòn, giấu kín trong góc khuất. Quá mờ để đọc rõ."
"EVID_TEST_NOTE_NAME","Torn Note","Mảnh Giấy Rách"
"EVID_TEST_NOTE_SHORT","A torn scrap of paper.","Một mảnh giấy bị xé rách."
"EVID_TEST_NOTE_DETAIL","Half of a handwritten note. The rest is missing. Only a few words are still legible.","Một nửa mảnh giấy viết tay. Phần còn lại đã mất. Chỉ còn vài chữ có thể đọc được."
"LOC_TEST_ROOM_NAME","Test Room","Phòng Thử Nghiệm"
"LOC_TEST_HALLWAY_NAME","Test Hallway","Hành Lang Thử Nghiệm"
"LOC_TEST_ROOM_TOPIC_CHARACTER_A_GREETING_LABEL","Say hello","Chào hỏi"
"LOC_TEST_ROOM_TOPIC_CHARACTER_A_ABOUT_MOVING_LABEL","Ask if there's somewhere else you should look","Hỏi xem có nơi nào khác nên đi tìm không"
"LOC_TEST_ROOM_TOPIC_CHARACTER_A_ABOUT_KEY_LABEL","Ask about the key","Hỏi về chiếc chìa khóa"
"LOC_TEST_ROOM_TOPIC_CHARACTER_A_ABOUT_EVIDENCE_LABEL","Ask about what you're carrying","Hỏi về những gì bạn đang mang theo"
"LOC_TEST_ROOM_TOPIC_CHARACTER_A_ABOUT_HALLWAY_TRIP_LABEL","Ask about your trip to the hallway","Hỏi về chuyến đi tới hành lang"
"LOC_TEST_ROOM_TOPIC_CHARACTER_A_ABOUT_CHARACTER_B_LABEL","Mention Character B","Nhắc đến Nhân Vật B"
"LOC_TEST_ROOM_EXAMINE_DESK_LABEL","Examine the Desk","Khám xét Bàn Làm Việc"
"LOC_TEST_ROOM_EXAMINE_WINDOW_LABEL","Examine the Window","Khám xét Cửa Sổ"
"LOC_TEST_ROOM_DEST_TEST_HALLWAY_LABEL","Go to the Hallway","Đi đến Hành Lang"
"LOC_TEST_HALLWAY_TOPIC_CHARACTER_A_GREETING_HALLWAY_LABEL","Say hello","Chào hỏi"
"LOC_TEST_HALLWAY_TOPIC_CHARACTER_B_GREETING_LABEL","Say hello","Chào hỏi"
"LOC_TEST_HALLWAY_TOPIC_CHARACTER_B_CLUE_LABEL","Ask about the badge","Hỏi về chiếc huy hiệu"
"LOC_TEST_HALLWAY_TOPIC_CHARACTER_B_CHAPTER_02_DEBRIEF_LABEL","Ask if there's anything else","Hỏi xem còn điều gì khác không"
"LOC_TEST_HALLWAY_EXAMINE_SHELF_LABEL","Examine the Shelf","Khám xét Kệ Sách"
"LOC_TEST_HALLWAY_EXAMINE_MIRROR_LABEL","Examine the Mirror","Khám xét Tấm Gương"
"LOC_TEST_HALLWAY_DEST_TEST_ROOM_LABEL","Back to the Room","Quay lại Phòng"
"DLG_CHARACTER_A_GREETING_N1_TEXT","Oh, hello there. Can I help you with something?","Ồ, chào bạn. Tôi có thể giúp gì được không?"
"DLG_CHARACTER_A_GREETING_N1_CHOICE1_TEXT","Ask about the desk.","Hỏi về chiếc bàn làm việc."
"DLG_CHARACTER_A_GREETING_N1_CHOICE2_TEXT","Nothing, thanks.","Không có gì, cảm ơn."
"DLG_CHARACTER_A_GREETING_N2_TEXT","The desk? Go ahead and take a look at it yourself.","Cái bàn à? Cứ tự nhiên xem thử đi."
"DLG_CHARACTER_A_ABOUT_KEY_N1_TEXT","Still thinking about that key? I already told you what I know.","Vẫn còn nghĩ về chiếc chìa khóa đó à? Tôi đã kể hết những gì tôi biết rồi."
"DLG_CHARACTER_A_ABOUT_KEY_N2_TEXT","Go on, the hallway's open now. See for yourself.","Cứ đi đi, hành lang giờ đã mở rồi. Tự mình xem thử xem."
"DLG_CHARACTER_A_PRESENT_KEY_N1_TEXT","Wait — where did you find that key?!","Khoan đã — bạn tìm thấy chiếc chìa khóa đó ở đâu vậy?!"
"DLG_CHARACTER_A_PRESENT_KEY_N2_TEXT","...Fine. It opens something down the hallway. You should go take a look.","...Được rồi. Nó mở một thứ gì đó ở cuối hành lang. Bạn nên đến xem thử."
"DLG_CHARACTER_A_PRESENT_GENERIC_N1_TEXT","Hm. I don't think that has anything to do with me.","Hừm. Tôi không nghĩ cái đó liên quan gì đến tôi."
"DLG_CHARACTER_A_ABOUT_EVIDENCE_N1_TEXT","You're holding onto something interesting there. Let me know if you find anything else.","Bạn đang giữ thứ gì đó khá thú vị đấy. Cho tôi biết nếu tìm thấy thêm gì khác nhé."
"DLG_CHARACTER_A_ABOUT_HALLWAY_TRIP_N1_TEXT","Oh, you went and looked around the hallway? What did you think?","Ồ, bạn đã đi xem quanh hành lang rồi à? Bạn thấy sao?"
"DLG_CHARACTER_A_ABOUT_HALLWAY_TRIP_N2_TEXT","Nothing much to say about it, honestly.","Thật ra thì cũng không có gì nhiều để nói."
"DLG_CHARACTER_A_ABOUT_CHARACTER_B_N1_TEXT","Yes, I know Character B. We don't talk much.","Ừ, tôi biết Nhân Vật B. Chúng tôi không nói chuyện nhiều."
"DLG_CHARACTER_A_ABOUT_MOVING_N1_TEXT","Actually — there's something down the hallway I should go check myself. Give me a moment.","Thật ra — có thứ gì đó ở cuối hành lang tôi nên tự đi kiểm tra. Cho tôi một chút thời gian."
"DLG_CHARACTER_A_GREETING_HALLWAY_N1_TEXT","Oh — you followed me out here.","Ồ — bạn đã theo tôi ra đây."
"DLG_CHARACTER_A_GREETING_HALLWAY_N2_TEXT","I told you I had something to check. Go ahead, look around.","Tôi đã nói là tôi có việc cần kiểm tra mà. Cứ tự nhiên xem quanh đi."
"DLG_CHARACTER_B_GREETING_N1_TEXT","...Oh. Didn't see you there.","...Ồ. Không để ý thấy bạn ở đó."
"DLG_CHARACTER_B_GREETING_N2_TEXT","Can I help you?","Tôi có thể giúp gì được không?"
"DLG_CHARACTER_B_CLUE_N1_TEXT","You found the badge too? And the key...","Bạn cũng tìm thấy cái huy hiệu à? Cả chiếc chìa khóa nữa..."
"DLG_CHARACTER_B_CLUE_N2_TEXT","...That's not something I wanted anyone to see. Fine — ask your questions.","...Đó không phải là thứ tôi muốn ai nhìn thấy. Được rồi — cứ hỏi đi."
"DLG_CHARACTER_B_PRESENT_BADGE_N1_TEXT","Where did you get that?! That's mine.","Bạn lấy cái đó ở đâu vậy?! Đó là của tôi."
"DLG_CHARACTER_B_PRESENT_GENERIC_N1_TEXT","That doesn't belong to me.","Cái đó không phải của tôi."
"DLG_EXAMINE_DESK_BEFORE_N1_TEXT","The desk is cluttered with old papers. Something small and metallic glints from underneath a folder.","Chiếc bàn bừa bộn với những tờ giấy cũ. Có thứ gì đó nhỏ và ánh kim lấp lánh dưới một tập hồ sơ."
"DLG_EXAMINE_DESK_BEFORE_N2_TEXT","You picked up the Old Key.","Bạn đã nhặt được Chìa Khóa Cũ."
"DLG_EXAMINE_DESK_AFTER_N1_TEXT","Just papers now. You already found what was hidden here.","Giờ chỉ còn giấy tờ thôi. Bạn đã tìm thấy thứ giấu ở đây rồi."
"DLG_EXAMINE_WINDOW_BEFORE_N1_TEXT","The window overlooks a quiet street. A torn note is wedged in the frame.","Cửa sổ nhìn ra một con phố yên tĩnh. Có một mảnh giấy rách kẹt trong khung cửa."
"DLG_EXAMINE_WINDOW_BEFORE_N2_TEXT","You picked up a Torn Note.","Bạn đã nhặt được Mảnh Giấy Rách."
"DLG_EXAMINE_WINDOW_AFTER_N1_TEXT","Just the street outside. Nothing else catches your eye.","Chỉ còn con phố bên ngoài. Không còn gì khác thu hút sự chú ý."
"DLG_EXAMINE_SHELF_BEFORE_N1_TEXT","A dusty shelf. Something is tucked behind a stack of boxes.","Một kệ sách phủ bụi. Có thứ gì đó giấu sau chồng hộp."
"DLG_EXAMINE_SHELF_BEFORE_N2_TEXT","You picked up a Brass Badge.","Bạn đã nhặt được Huy Hiệu Đồng."
"DLG_EXAMINE_SHELF_AFTER_N1_TEXT","Just an empty shelf now.","Giờ chỉ còn kệ sách trống."
"DLG_EXAMINE_MIRROR_BEFORE_N1_TEXT","A plain mirror hangs on the wall. Your reflection looks tired. This is a flavor-only examine point — it grants no evidence, and demonstrates the ""examined"" condition instead of an evidence-gated variant.","Một tấm gương bình thường treo trên tường. Hình ảnh phản chiếu của bạn trông có vẻ mệt mỏi. Đây là một điểm khám xét chỉ để tạo không khí — nó không cho vật chứng nào, và minh họa điều kiện ""đã khám xét"" thay vì một biến thể phụ thuộc vào vật chứng."
"DLG_EXAMINE_MIRROR_AFTER_N1_TEXT","Just your reflection again. Nothing new to see.","Vẫn chỉ là hình ảnh phản chiếu của bạn. Không có gì mới để xem."
"DLG_EXAMINE_MIRROR_NOTE_READY_N1_TEXT","Now that Character A has come through here, you notice something wedged behind the mirror frame that wasn't visible before. This variant exists purely to demonstrate an event changing an examine response — see the mirror_note_ready event in data/events/test_events.json.","Giờ khi Nhân Vật A đã đi qua đây, bạn nhận ra có thứ gì đó kẹt sau khung gương mà trước đây không nhìn thấy được. Biến thể này chỉ nhằm minh họa một sự kiện làm thay đổi phản hồi khám xét — xem sự kiện mirror_note_ready trong data/events/test_events.json."
"DLG_TEST_EFFECTS_REMOVE_EVIDENCE_N1_TEXT","(test-only) removes test_note via the remove_evidence effect.","(chỉ dùng để kiểm thử) xóa test_note thông qua hiệu ứng remove_evidence."
"DLG_CHARACTER_B_CHAPTER_02_DEBRIEF_N1_TEXT","So that's everything from my side. I think we're about done here.","Vậy là hết những gì tôi biết rồi. Tôi nghĩ chúng ta xong việc ở đây rồi."
"CASE_CASE_00_SANDBOX_NAME","Milestone 0 Sandbox","Sân Thử Nghiệm Milestone 0"
"CASE_TEST_CASE_NAME","Test Case","Vụ Án Thử Nghiệm"
"CASE_TEST_CASE_DESC","Milestone 1.6 placeholder case: proves the Case/Chapter architecture (two chapters, chapter-scoped content, case completion) reusing the existing Milestone 0-1.5 sandbox content. Disposable placeholder content, not a real case — see docs/case-system.md.","Vụ án tạm cho Milestone 1.6: chứng minh kiến trúc Vụ Án/Chương (hai chương, nội dung giới hạn theo chương, hoàn thành vụ án) tái sử dụng nội dung sân thử nghiệm Milestone 0-1.5 đã có. Nội dung tạm dùng để bỏ đi, không phải vụ án thật — xem docs/case-system.md."
"CHAPTER_TEST_CASE_CHAPTER_01_NAME","Chapter 01","Chương 01"
"CHAPTER_TEST_CASE_CHAPTER_02_NAME","Chapter 02","Chương 02"
"DED_PROTO_X_NAME","[Prototype X] The Archive Ledger","[Nguyên mẫu X] Cuốn Sổ Cái Ở Kho Lưu Trữ"
"DED_PROTO_X_DESC","Non-canon dummy mystery for deduction playtests. A confidential ledger has vanished from Stack Room 3 of the city archive.","Vụ án giả lập không thuộc cốt truyện, chỉ dùng để thử nghiệm suy luận. Một cuốn sổ cái mật đã biến mất khỏi Phòng Kho 3 của kho lưu trữ thành phố."
"DED_PROTO_X_SUS_MARA_NAME","Mara Voss (archivist)","Mara Voss (nhân viên lưu trữ)"
"DED_PROTO_X_SUS_OREN_NAME","Oren Tal (visiting researcher)","Oren Tal (nhà nghiên cứu khách)"
"DED_PROTO_X_SUS_ILSE_NAME","Ilse Brandt (front-desk clerk)","Ilse Brandt (nhân viên quầy lễ tân)"
"DED_PROTO_X_Q_OWNER_TEXT","Could Mara have used her own badge at 20:06?","Liệu Mara có thể đã tự dùng thẻ của mình lúc 20:06 không?"
"DED_PROTO_X_Q_ACCESS_TEXT","Who could have presented Mara's badge at 20:06?","Ai có thể đã quẹt thẻ của Mara lúc 20:06?"
"DED_PROTO_X_Q_STAGING_TEXT","What does the forced window really show?","Ô cửa sổ bị phá thực sự cho thấy điều gì?"
"DED_PROTO_X_Q_CULPRIT_TEXT","Who took the ledger, and how was it covered up?","Ai đã lấy cuốn sổ cái, và việc đó đã được che đậy thế nào?"
"DED_PROTO_X_E_DOOR_LOG_NAME","Stack Room door log","Nhật ký cửa Phòng Kho"
"DED_PROTO_X_E_DOOR_LOG_TEXT","Security log: Mara Voss's staff badge opened Stack Room 3, inside the stacks wing, at 20:06. Badges work only when held to the reader; they cannot be copied, and doors cannot be opened remotely.","Nhật ký an ninh: thẻ nhân viên của Mara Voss đã mở Phòng Kho 3, nằm trong khu kho sách, lúc 20:06. Thẻ chỉ hoạt động khi áp trực tiếp vào đầu đọc; thẻ không thể sao chép và cửa không thể mở từ xa."
"DED_PROTO_X_E_TRAM_TAP_NAME","Mara's travel-card record","Lịch sử thẻ đi tàu của Mara"
"DED_PROTO_X_E_TRAM_TAP_TEXT","Transit record: Mara's travel card tapped out at Harbor Station at 20:04. The gate camera shows Mara herself tapping it.","Dữ liệu giao thông: thẻ đi tàu của Mara quẹt ra tại ga Cảng lúc 20:04. Camera ở cổng cho thấy chính Mara là người quẹt thẻ."
"DED_PROTO_X_E_HARBOR_PHOTO_NAME","Friend's dinner photo","Ảnh bữa tối của bạn Mara"
"DED_PROTO_X_E_HARBOR_PHOTO_TEXT","A photo posted by Mara's friend shows Mara at a table in Harbor Grill; the harbor clock behind her reads 20:05.","Một bức ảnh do bạn của Mara đăng cho thấy Mara ngồi tại một bàn ở nhà hàng Harbor Grill; đồng hồ bến cảng phía sau cô chỉ 20:05."
"DED_PROTO_X_E_ROUTE_NOTE_NAME","Transit map note","Ghi chú bản đồ giao thông"
"DED_PROTO_X_E_ROUTE_NOTE_TEXT","The fastest trip between Harbor Station and the archive takes 25 minutes, even by taxi.","Chuyến đi nhanh nhất giữa ga Cảng và kho lưu trữ mất 25 phút, kể cả đi taxi."
"DED_PROTO_X_E_LOST_PROPERTY_SHEET_NAME","Lost-property sheet","Sổ đồ thất lạc"
"DED_PROTO_X_E_LOST_PROPERTY_SHEET_TEXT","Ilse's lost-property sheet: 19:48 'grey cardigan, staff badge clipped on (M. Voss) — taken by O. Tal, will return it to her'. 20:14 'cardigan handed back in by O. Tal'.","Sổ đồ thất lạc do Ilse ghi: 19:48 'áo cardigan xám, có kẹp thẻ nhân viên (M. Voss) — O. Tal nhận, hứa trả lại cho cô ấy'. 20:14 'O. Tal mang áo cardigan trả lại'."
"DED_PROTO_X_E_WING_CAMERA_NAME","Stacks-wing camera log","Nhật ký camera khu kho sách"
"DED_PROTO_X_E_WING_CAMERA_TEXT","Camera on the stacks wing's only entrance: the 19:30 closing check finds the wing empty and locks it; 19:51 Oren walks in wearing a grey cardigan with a badge clipped on; 20:13 he walks out still wearing it. Nobody else enters or leaves the wing between 19:30 and 20:30.","Camera ở lối vào duy nhất của khu kho sách: đợt kiểm tra đóng cửa lúc 19:30 xác nhận khu này trống người và khóa lại; 19:51 Oren đi vào, mặc áo cardigan xám có kẹp thẻ; 20:13 anh ta đi ra, vẫn mặc chiếc áo đó. Không ai khác ra vào khu này từ 19:30 đến 20:30."
"DED_PROTO_X_E_FORCED_WINDOW_NAME","Forced Stack Room window","Cửa sổ Phòng Kho bị phá"
"DED_PROTO_X_E_FORCED_WINDOW_TEXT","Stack Room 3's window has been forced open, and the ledger shelf, full at the 19:30 closing check, is empty. Dust shaken from the window frame lies on top of fresh footprints leading to the shelf; the dust on the sill is undisturbed.","Cửa sổ Phòng Kho 3 bị phá mở, và kệ sổ cái, vẫn đầy lúc kiểm tra đóng cửa 19:30, nay trống trơn. Bụi rơi từ khung cửa sổ nằm đè lên những dấu chân mới dẫn tới kệ; lớp bụi trên bậu cửa vẫn nguyên vẹn."
"DED_PROTO_X_E_LATCH_GUIDE_NAME","Window-repair guide","Hướng dẫn sửa cửa sổ"
"DED_PROTO_X_E_LATCH_GUIDE_TEXT","Illustrated window-repair guide: when a latched window is forced open, its latch bends away from the side the force came from.","Hướng dẫn sửa cửa sổ có hình minh họa: khi một cửa sổ đang cài chốt bị phá mở, chốt cửa bị cong về phía ngược với phía lực tác động."
"DED_PROTO_X_E_WINDOW_LATCH_NAME","The window latch","Chốt cửa sổ"
"DED_PROTO_X_E_WINDOW_LATCH_TEXT","The window's latch is bent outward, toward the courtyard.","Chốt cửa sổ bị cong ra ngoài, về phía sân."
"DED_PROTO_X_E_BACK_DOOR_SIGHTING_NAME","Night guard's account","Lời kể của bảo vệ đêm"
"DED_PROTO_X_E_BACK_DOOR_SIGHTING_TEXT","Night guard: 'Around 20:10 I watched Ilse carry a sealed box out the back door. I heard the window crack a few minutes after eight, but not while I was watching her.'","Bảo vệ đêm: 'Khoảng 20:10 tôi thấy Ilse mang một thùng niêm phong ra cửa sau. Tôi nghe tiếng cửa sổ bật ra lúc hơn tám giờ vài phút, nhưng không phải lúc đang nhìn cô ấy.'"
"DED_PROTO_X_E_SHREDDING_LOG_NAME","Shredding pickup log","Sổ nhận giấy hủy"
"DED_PROTO_X_E_SHREDDING_LOG_TEXT","Contractor's log: about 20:10, one sealed box of shredded paper collected at the back door, handed over by I. Brandt.","Sổ của bên thu gom: khoảng 20:10, nhận một thùng giấy hủy niêm phong tại cửa sau, do I. Brandt bàn giao."
"DED_PROTO_X_ST_MARA_WENT_TO_HARBOR_TEXT","Mara: 'I left around half past seven and went straight to Harbor for dinner.'","Mara: 'Tôi rời đi khoảng bảy rưỡi và đến thẳng khu Cảng ăn tối.'"
"DED_PROTO_X_ST_MARA_BADGE_ON_CARDIGAN_TEXT","Mara: 'My badge was clipped to my cardigan, like always.'","Mara: 'Thẻ của tôi kẹp trên áo cardigan, như mọi khi.'"
"DED_PROTO_X_ST_OREN_NEVER_TOUCHED_TEXT","Oren: 'I never had anything of Mara's.'","Oren: 'Tôi chưa từng cầm thứ gì của Mara.'"
"DED_PROTO_X_ST_OREN_BREAK_IN_TEXT","Oren: 'Obviously someone forced that window from the courtyard and climbed in.'","Oren: 'Rõ ràng có kẻ đã phá cửa sổ từ phía sân rồi trèo vào.'"
"DED_PROTO_X_ST_ILSE_LEFT_EARLY_TEXT","Ilse: 'I locked the front desk and went home at quarter to eight.'","Ilse: 'Tôi khóa quầy lễ tân rồi về nhà lúc tám giờ kém mười lăm.'"
"DED_PROTO_X_HYP_MARA_TEXT","Hypothesis: Mara used her own badge to take the ledger.","Giả thuyết: Mara đã dùng chính thẻ của mình để lấy cuốn sổ cái."
"DED_PROTO_X_HYP_ILSE_TEXT","Hypothesis: Ilse smuggled the ledger out in the sealed box.","Giả thuyết: Ilse đã lén mang cuốn sổ cái ra ngoài trong thùng niêm phong."
"DED_PROTO_X_HYP_OUTSIDER_TEXT","Hypothesis: an outside thief broke in through the window.","Giả thuyết: một tên trộm bên ngoài đã đột nhập qua cửa sổ."
"DED_PROTO_X_EXP_SHREDDING_BOX_TEXT","Ilse's box was the scheduled shredding pickup, not the ledger.","Thùng của Ilse là đợt giao giấy hủy theo lịch, không phải cuốn sổ cái."
"DED_PROTO_X_DED_BADGE_MISUSED_TEXT","Someone other than Mara used Mara's badge at 20:06.","Một người không phải Mara đã dùng thẻ của Mara lúc 20:06."
"DED_PROTO_X_DED_OREN_SIGNED_OUT_BADGE_TEXT","Oren signed Mara's badge out of lost property before it was used and handed it back afterwards.","Oren đã nhận thẻ của Mara từ quầy đồ thất lạc trước khi thẻ được dùng, và trả lại sau đó."
"DED_PROTO_X_DED_ONLY_OREN_HAD_BADGE_TEXT","Only Oren could have presented Mara's badge at 20:06: it was signed out to him, he was the only person in the stacks wing, and a badge can't be copied or used remotely.","Chỉ Oren mới có thể đã quẹt thẻ của Mara lúc 20:06: thẻ được giao cho anh ta, anh ta là người duy nhất trong khu kho sách, và thẻ không thể sao chép hay dùng từ xa."
"DED_PROTO_X_DED_BREAK_IN_STAGED_TEXT","The window was forced from inside the room, after someone had already walked to the shelf, to fake a break-in.","Cửa sổ bị phá từ bên trong phòng, sau khi đã có người đi tới kệ, nhằm dựng cảnh đột nhập."
"DED_PROTO_X_CONCL_TEXT","Oren used Mara's badge, clipped to the cardigan he had signed out of lost property, to enter Stack Room 3 and take the ledger, then forced the window from inside to make it look like an outside break-in.","Oren đã dùng thẻ của Mara, kẹp trên chiếc áo cardigan anh ta nhận từ quầy đồ thất lạc, để vào Phòng Kho 3 lấy cuốn sổ cái, rồi phá cửa sổ từ bên trong để trông như có kẻ đột nhập từ ngoài vào."
"DED_PROTO_X_TL_MARA_LEAVES_LABEL","Mara leaves the archive","Mara rời kho lưu trữ"
"DED_PROTO_X_TL_CARDIGAN_TAKEN_LABEL","Oren takes Mara's cardigan from lost property","Oren nhận áo cardigan của Mara từ quầy đồ thất lạc"
"DED_PROTO_X_TL_MARA_TRAM_TAP_LABEL","Mara's card taps out at Harbor Station","Thẻ của Mara quẹt ra tại ga Cảng"
"DED_PROTO_X_TL_BADGE_USED_LABEL","Mara's badge opens Stack Room 3","Thẻ của Mara mở Phòng Kho 3"
"DED_PROTO_X_TL_WINDOW_FORCED_LABEL","The Stack Room window is forced","Cửa sổ Phòng Kho bị phá"
"DED_PROTO_X_TL_SHREDDING_PICKUP_LABEL","Ilse hands over the shredding box","Ilse bàn giao thùng giấy hủy"
"DED_PROTO_X_TL_CARDIGAN_RETURNED_LABEL","Oren hands the cardigan back in","Oren trả lại áo cardigan"
"DED_PROTO_X_HINT_MISUSED_1","Ask yourself: where was Mara at the moment her badge opened the door?","Hãy tự hỏi: Mara đang ở đâu vào đúng lúc thẻ của cô mở cửa?"
"DED_PROTO_X_HINT_MISUSED_2","Compare times, places, and how long it takes to travel between them.","Hãy so sánh thời gian, địa điểm, và thời gian cần để di chuyển giữa chúng."
"DED_PROTO_X_HINT_MISUSED_3","The door log, Mara's travel-card record and the transit map note belong together.","Nhật ký cửa, lịch sử thẻ đi tàu của Mara và ghi chú bản đồ giao thông có liên quan với nhau."
"DED_PROTO_X_HINT_MISUSED_4","Someone other than Mara used her badge at 20:06.","Một người không phải Mara đã dùng thẻ của cô lúc 20:06."
"DED_PROTO_X_HINT_ACCESS_1","The badge wasn't in Mara's hands. Whose hands could it have been in at 20:06, and nobody else's?","Chiếc thẻ không nằm trong tay Mara. Lúc 20:06 nó có thể nằm trong tay ai, và không thể nằm trong tay người nào khác?"
"DED_PROTO_X_HINT_ACCESS_2","Look at who had possession of the badge, where they were, and who else could have been there.","Hãy xem ai đang giữ chiếc thẻ, người đó ở đâu, và còn ai khác có thể có mặt ở đó."
"DED_PROTO_X_HINT_ACCESS_3","Compare the lost-property sheet with the stacks-wing camera log.","Hãy đối chiếu sổ đồ thất lạc với nhật ký camera khu kho sách."
"DED_PROTO_X_HINT_ACCESS_4","Start from what the badge record already proves: someone other than Mara used it at 20:06.","Hãy bắt đầu từ điều nhật ký thẻ đã chứng minh: một người không phải Mara đã dùng nó lúc 20:06."
"DED_PROTO_X_HINT_STAGED_1","What does the forced window actually tell you about how the thief got in?","Ô cửa sổ bị phá thực sự cho bạn biết gì về cách kẻ trộm vào phòng?"
"DED_PROTO_X_HINT_STAGED_2","Look closely at the scene, and at what the repair guide says about forced latches.","Hãy quan sát kỹ hiện trường và xem hướng dẫn sửa chữa nói gì về chốt cửa bị phá."
"DED_PROTO_X_HINT_STAGED_3","The forced window, the window-repair guide and the bent latch belong together.","Cửa sổ bị phá, hướng dẫn sửa cửa sổ và chốt cửa bị cong có liên quan với nhau."
"DED_PROTO_X_HINT_STAGED_4","The window was forced from inside to fake a break-in.","Cửa sổ bị phá từ bên trong để dựng cảnh đột nhập."
"DED_PROTO_X_HINT_CULPRIT_1","Who took the ledger, and what did they do to hide how?","Ai đã lấy cuốn sổ cái, và họ đã làm gì để che giấu cách làm?"
"DED_PROTO_X_HINT_CULPRIT_2","Combine who alone could have used the means of entry with what was staged at the scene.","Hãy kết hợp việc ai là người duy nhất có thể dùng phương tiện ra vào với những gì được dàn dựng tại hiện trường."
"DED_PROTO_X_HINT_CULPRIT_3","The stacks-wing camera log and the bent latch point the same way.","Nhật ký camera khu kho sách và chốt cửa bị cong cùng chỉ về một hướng."
"DED_PROTO_X_HINT_CULPRIT_4","Only Oren could have presented Mara's badge at 20:06.","Chỉ Oren mới có thể đã quẹt thẻ của Mara lúc 20:06."
"DED_PROTO_X_TRUTH_SUMMARY","Mara left at 19:35, forgetting her cardigan with the badge clipped on. Oren signed it out of lost property at 19:48, entered the stacks wing alone at 19:51, used the badge at 20:06 to take the ledger, forced the window from inside at 20:08, left the wing at 20:13 and handed the cardigan back at 20:14. Ilse's box was routine shredding; she lied about leaving early to hide unlogged overtime.","Mara rời đi lúc 19:35, quên áo cardigan có kẹp thẻ. Oren nhận nó từ quầy đồ thất lạc lúc 19:48, một mình vào khu kho sách lúc 19:51, dùng thẻ lúc 20:06 để lấy cuốn sổ cái, phá cửa sổ từ bên trong lúc 20:08, rời khu kho lúc 20:13 rồi trả áo lúc 20:14. Thùng của Ilse chỉ là giấy hủy thường lệ; cô nói dối là về sớm để che giấu giờ làm thêm không ghi sổ."
"DED_PROTO_X_PROTOA_EXP_DENIAL","Oren said he never had anything belonging to Mara — but the lost-property sheet shows he personally signed her cardigan out at 19:48 and handed it back at 20:14. You can't have 'never had' something a signed record puts in your hands for twenty-six minutes.","Oren nói anh ta chưa từng có bất cứ thứ gì của Mara — nhưng tờ biên nhận đồ thất lạc cho thấy chính anh ta đã ký nhận chiếc áo cardigan lúc 19:48 và trả lại lúc 20:14. Không thể nói là 'chưa từng có' một thứ mà biên nhận cho thấy đã ở trong tay anh ta suốt hai mươi sáu phút."
"DED_PROTO_X_PROTOA_RESP_DENIAL","Oren's composure slips. 'Fine — I signed for it. That doesn't mean I did anything with it.'","Vẻ bình tĩnh của Oren chùng xuống. 'Được rồi — tôi có ký nhận nó. Nhưng điều đó không có nghĩa là tôi đã làm gì với nó.'"
"DED_PROTO_X_PROTOA_HINT_DENIAL_1","Oren insists he never had anything of Mara's. Is there a written record of who borrowed her things?","Oren khăng khăng rằng anh ta chưa từng có thứ gì của Mara. Có bản ghi chép nào về việc ai đã mượn đồ của cô ấy không?"
"DED_PROTO_X_PROTOA_HINT_DENIAL_2","Look for a log about items signed in and out of lost property.","Tìm một cuốn sổ ghi lại việc đồ vật được ký nhận và trả lại ở quầy đồ thất lạc."
"DED_PROTO_X_PROTOA_HINT_DENIAL_3","Review the lost-property sheet.","Xem lại tờ biên nhận đồ thất lạc."
"DED_PROTO_X_PROTOA_HINT_DENIAL_4","The lost-property sheet shows Oren himself signed the cardigan — with Mara's badge still clipped to it — out under his own name.","Tờ biên nhận đồ thất lạc cho thấy chính Oren đã ký nhận chiếc áo cardigan — vẫn còn kẹp thẻ của Mara — dưới tên của mình."
"DED_PROTO_X_PROTOA_EXP_BREAKIN","Oren claims an outsider forced the window from the courtyard — but the forced-window inspection shows the frame dust settled on top of footprints that already led to the shelf. Those footprints existed before the window was forced, which means someone was already inside walking toward the shelf beforehand. Nobody broke in from outside; the window was forced afterward, from inside, to look like an entry.","Oren khẳng định có kẻ lạ đã phá cửa sổ từ phía sân trong — nhưng khi kiểm tra cửa sổ bị phá, lớp bụi từ khung cửa lại rơi đè lên những dấu chân đã có sẵn dẫn đến kệ sách. Những dấu chân đó đã tồn tại trước khi cửa sổ bị phá, nghĩa là đã có người ở bên trong đi về phía kệ sách từ trước. Không ai đột nhập từ bên ngoài cả; cửa sổ bị phá sau đó, từ bên trong, để tạo cảm giác như có người đột nhập."
"DED_PROTO_X_PROTOA_RESP_BREAKIN","Oren's voice cracks. 'The footprints — that doesn't prove anything!' It very much does.","Giọng Oren lạc đi. 'Mấy dấu chân đó — điều đó chẳng chứng minh được gì cả!' Trên thực tế thì có."
"DED_PROTO_X_PROTOA_HINT_BREAKIN_1","Oren says an outsider forced their way in through the window. Look closely at the order things happened at that window.","Oren nói có kẻ lạ đã phá cửa sổ để đột nhập. Hãy xem kỹ trình tự các việc đã xảy ra ở cửa sổ đó."
"DED_PROTO_X_PROTOA_HINT_BREAKIN_2","Compare when the footprints were left to when the window was actually forced.","So sánh thời điểm để lại dấu chân với thời điểm cửa sổ thực sự bị phá."
"DED_PROTO_X_PROTOA_HINT_BREAKIN_3","Review the forced-window inspection.","Xem lại kết quả kiểm tra cửa sổ bị phá."
"DED_PROTO_X_PROTOA_HINT_BREAKIN_4","The frame dust from forcing the window lies on top of footprints that were already there — the window was forced after someone had already walked to the shelf, not before.","Lớp bụi từ khung cửa khi bị phá lại nằm đè lên những dấu chân đã có từ trước — cửa sổ bị phá sau khi có người đã đi đến kệ sách, chứ không phải trước đó."
"DED_PROTO_X_PROTOA_EXP_ILSE","Ilse claimed she locked up and left at 19:45 — but the shredding contractor's log shows she personally handed over a box at about 20:10, twenty-five minutes after she says she'd already gone.","Ilse khai rằng cô đã khóa cửa và rời đi lúc 19:45 — nhưng sổ ghi chép của nhà thầu hủy giấy cho thấy chính cô đã đưa một thùng giấy lúc khoảng 20:10, tức hai mươi lăm phút sau khi cô nói mình đã rời đi."
"DED_PROTO_X_PROTOA_RESP_ILSE","Ilse goes red. 'Okay — I stayed to finish some unpaid overtime. I didn't want my supervisor to know.' It has nothing to do with the ledger.","Ilse đỏ mặt. 'Được rồi — tôi ở lại làm thêm giờ không công. Tôi không muốn cấp trên biết chuyện đó.' Điều này chẳng liên quan gì đến cuốn sổ cái."
"DED_PROTO_X_PROTOA_COMPLETION","Oren's testimony falls apart on both counts: the lost-property sheet puts Mara's badge in his hands, and the forced window was staged from inside after he'd already been at the shelf. His story of never touching the cardigan and of an outside break-in are both exposed as lies.","Lời khai của Oren sụp đổ ở cả hai điểm: tờ biên nhận đồ thất lạc đặt chiếc thẻ của Mara vào tay anh ta, còn cửa sổ bị phá lại được dàn dựng từ bên trong sau khi anh ta đã có mặt ở kệ sách. Cả câu chuyện 'chưa từng động vào chiếc áo' lẫn 'có kẻ đột nhập từ bên ngoài' của anh ta đều bị vạch trần là dối trá."
"DED_PROTO_Y_NAME","[Prototype Y] The Swapped Sample","[Nguyên mẫu Y] Mẫu Xét Nghiệm Bị Tráo"
"DED_PROTO_Y_DESC","Non-canon dummy mystery for deduction playtests. A sample vial in a research lab's cold room was relabelled and swapped overnight.","Vụ án giả lập không thuộc cốt truyện, chỉ dùng để thử nghiệm suy luận. Một lọ mẫu trong phòng lạnh của phòng thí nghiệm đã bị dán lại nhãn và tráo trong đêm."
"DED_PROTO_Y_SUS_TEODOR_NAME","Teodor Lind (lab technician)","Teodor Lind (kỹ thuật viên phòng thí nghiệm)"
"DED_PROTO_Y_SUS_PRIYA_NAME","Priya Anand (postdoctoral researcher)","Priya Anand (nghiên cứu viên sau tiến sĩ)"
"DED_PROTO_Y_SUS_BRUNO_NAME","Bruno Keller (night cleaner)","Bruno Keller (nhân viên dọn dẹp ca đêm)"
"DED_PROTO_Y_Q_OWNER_TEXT","Could Teodor have used his own key card at 21:12?","Liệu Teodor có thể đã tự dùng thẻ từ của mình lúc 21:12 không?"
"DED_PROTO_Y_Q_ACCESS_TEXT","Who could have presented Teodor's key card at 21:12?","Ai có thể đã quẹt thẻ từ của Teodor lúc 21:12?"
"DED_PROTO_Y_Q_STAGING_TEXT","What does the forced vent hatch really show?","Nắp thông gió bị phá thực sự cho thấy điều gì?"
"DED_PROTO_Y_Q_CULPRIT_TEXT","Who swapped the sample, and how was it covered up?","Ai đã tráo mẫu, và việc đó đã được che đậy thế nào?"
"DED_PROTO_Y_E_COLD_ROOM_LOG_NAME","Cold-room lock log","Nhật ký khóa phòng lạnh"
"DED_PROTO_Y_E_COLD_ROOM_LOG_TEXT","Lock log: Teodor Lind's key card opened the cold room, off the cold-store corridor, at 21:12. Cards work only when held to the reader; they cannot be copied, and doors cannot be opened remotely.","Nhật ký khóa: thẻ từ của Teodor Lind đã mở phòng lạnh, nằm trong hành lang kho lạnh, lúc 21:12. Thẻ chỉ hoạt động khi áp trực tiếp vào đầu đọc; thẻ không thể sao chép và cửa không thể mở từ xa."
"DED_PROTO_Y_E_GYM_SCAN_NAME","Teodor's gym check-in","Lượt vào phòng gym của Teodor"
"DED_PROTO_Y_E_GYM_SCAN_TEXT","Gym entry system: Teodor's membership tag checked in at Riverside Gym at 21:09. The desk camera shows Teodor himself at the turnstile.","Hệ thống ra vào phòng gym: thẻ hội viên của Teodor quẹt vào Riverside Gym lúc 21:09. Camera ở quầy cho thấy chính Teodor đứng ở cửa xoay."
"DED_PROTO_Y_E_CLASS_PHOTO_NAME","Spin-class photo","Ảnh lớp đạp xe"
"DED_PROTO_Y_E_CLASS_PHOTO_TEXT","The instructor's photo shows Teodor on bike 7 in Riverside Gym's spin studio; the studio clock behind him reads 21:10.","Bức ảnh của huấn luyện viên cho thấy Teodor ngồi xe số 7 trong phòng đạp xe của Riverside Gym; đồng hồ phòng tập phía sau anh chỉ 21:10."
"DED_PROTO_Y_E_SHUTTLE_NOTE_NAME","Campus shuttle timetable","Lịch xe đưa đón khuôn viên"
"DED_PROTO_Y_E_SHUTTLE_NOTE_TEXT","The fastest trip between Riverside Gym and the lab building takes 20 minutes, even by car.","Chuyến đi nhanh nhất giữa Riverside Gym và tòa nhà phòng thí nghiệm mất 20 phút, kể cả đi ô tô."
"DED_PROTO_Y_E_COAT_RACK_SHEET_NAME","Lab-coat laundry sheet","Sổ giặt áo blouse"
"DED_PROTO_Y_E_COAT_RACK_SHEET_TEXT","Bruno's laundry sheet: 20:55 'T. Lind's lab coat, key card in pocket — borrowed by P. Anand, will pass it on to him'. 21:25 'coat returned by P. Anand'.","Sổ giặt do Bruno ghi: 20:55 'áo blouse của T. Lind, thẻ từ trong túi — P. Anand mượn, hứa chuyển lại cho anh ấy'. 21:25 'P. Anand trả lại áo'."
"DED_PROTO_Y_E_CORRIDOR_CAMERA_NAME","Cold-store corridor camera log","Nhật ký camera hành lang kho lạnh"
"DED_PROTO_Y_E_CORRIDOR_CAMERA_TEXT","Camera on the cold-store corridor's only entrance: the 20:30 stock check finds the corridor empty and locks it; 20:59 Priya walks in wearing a lab coat; 21:20 she walks out still wearing it. Nobody else enters or leaves the corridor between 20:30 and 21:40.","Camera ở lối vào duy nhất của hành lang kho lạnh: đợt kiểm kho lúc 20:30 xác nhận hành lang trống người và khóa lại; 20:59 Priya đi vào, mặc áo blouse; 21:20 cô ta đi ra, vẫn mặc chiếc áo đó. Không ai khác ra vào hành lang này từ 20:30 đến 21:40."
"DED_PROTO_Y_E_OPEN_HATCH_NAME","Forced vent hatch","Nắp thông gió bị phá"
"DED_PROTO_Y_E_OPEN_HATCH_TEXT","The cold room's vent hatch has been forced open, and a sample checked at the 20:30 stock check has been relabelled and swapped. Dust shaken from the hatch lies on top of fresh scuffs leading to the sample rack; the dust inside the hatch opening is undisturbed.","Nắp thông gió của phòng lạnh bị phá mở, và một mẫu đã được kiểm lúc kiểm kho 20:30 nay bị dán lại nhãn và tráo. Bụi rơi từ nắp nằm đè lên những vết cọ mới dẫn tới giá mẫu; lớp bụi bên trong miệng nắp vẫn nguyên vẹn."
"DED_PROTO_Y_E_HATCH_DIAGRAM_NAME","Vent-hatch maintenance diagram","Sơ đồ bảo trì nắp thông gió"
"DED_PROTO_Y_E_HATCH_DIAGRAM_TEXT","Illustrated maintenance diagram: when the vent hatch is forced open, its retaining tabs bend away from the side the force came from.","Sơ đồ bảo trì có hình minh họa: khi nắp thông gió bị phá mở, các lẫy giữ của nó bị cong về phía ngược với phía lực tác động."
"DED_PROTO_Y_E_HATCH_TABS_NAME","The hatch's retaining tabs","Các lẫy giữ của nắp"
"DED_PROTO_Y_E_HATCH_TABS_TEXT","The hatch's retaining tabs are bent outward, into the duct.","Các lẫy giữ của nắp bị cong ra ngoài, vào trong ống gió."
"DED_PROTO_Y_E_LOADING_BAY_FOOTAGE_NAME","Loading-bay camera","Camera khu bốc dỡ"
"DED_PROTO_Y_E_LOADING_BAY_FOOTAGE_TEXT","Loading-bay camera, around 21:18: Bruno wheels a sealed biohazard bin outside. Its audio picks up a metal clang from the cold room a few minutes after 21:10, but not while Bruno is in frame.","Camera khu bốc dỡ, khoảng 21:18: Bruno đẩy một thùng rác sinh học niêm phong ra ngoài. Âm thanh ghi được một tiếng kim loại va từ phòng lạnh lúc hơn 21:10 vài phút, nhưng không phải lúc Bruno đang trong khung hình."
"DED_PROTO_Y_E_WASTE_MANIFEST_NAME","Waste collection manifest","Phiếu thu gom chất thải"
"DED_PROTO_Y_E_WASTE_MANIFEST_TEXT","Contractor's manifest: about 21:18, one sealed bin of routine glassware waste collected from Lab 2, handed over by B. Keller.","Phiếu của bên thu gom: khoảng 21:18, nhận một thùng dụng cụ thủy tinh thải thường lệ niêm phong từ Phòng Lab 2, do B. Keller bàn giao."
"DED_PROTO_Y_ST_TEODOR_WENT_TO_GYM_TEXT","Teodor: 'I left around quarter to nine and went straight to my spin class at Riverside.'","Teodor: 'Tôi rời đi khoảng chín giờ kém mười lăm và đến thẳng lớp đạp xe ở Riverside.'"
"DED_PROTO_Y_ST_TEODOR_CARD_IN_COAT_TEXT","Teodor: 'My key card lives in my lab-coat pocket.'","Teodor: 'Thẻ từ của tôi lúc nào cũng nằm trong túi áo blouse.'"
"DED_PROTO_Y_ST_PRIYA_NEVER_BORROWED_TEXT","Priya: 'I never touched any of Teodor's things.'","Priya: 'Tôi chưa từng động vào đồ của Teodor.'"
"DED_PROTO_Y_ST_PRIYA_VENT_ENTRY_TEXT","Priya: 'Someone obviously forced the vent hatch from the duct and crawled in.'","Priya: 'Rõ ràng có kẻ đã phá nắp thông gió từ trong ống gió rồi chui vào.'"
"DED_PROTO_Y_ST_BRUNO_LEFT_EARLY_TEXT","Bruno: 'I finished my round and left at twenty to nine.'","Bruno: 'Tôi làm xong ca và về lúc chín giờ kém hai mươi.'"
"DED_PROTO_Y_HYP_TEODOR_TEXT","Hypothesis: Teodor used his own key card to swap the sample.","Giả thuyết: Teodor đã dùng chính thẻ từ của mình để tráo mẫu."
"DED_PROTO_Y_HYP_BRUNO_TEXT","Hypothesis: Bruno smuggled the real sample out in the biohazard bin.","Giả thuyết: Bruno đã lén mang mẫu thật ra ngoài trong thùng rác sinh học."
"DED_PROTO_Y_HYP_OUTSIDER_TEXT","Hypothesis: an outsider crawled in through the vent hatch.","Giả thuyết: một người bên ngoài đã chui vào qua nắp thông gió."
"DED_PROTO_Y_EXP_WASTE_BIN_TEXT","Bruno's bin was the scheduled glassware waste, not the sample.","Thùng của Bruno là đợt chất thải thủy tinh theo lịch, không phải mẫu xét nghiệm."
"DED_PROTO_Y_DED_CARD_MISUSED_TEXT","Someone other than Teodor used Teodor's key card at 21:12.","Một người không phải Teodor đã dùng thẻ từ của Teodor lúc 21:12."
"DED_PROTO_Y_DED_PRIYA_BORROWED_CARD_TEXT","Priya borrowed Teodor's key card from the laundry rack before it was used and returned it afterwards.","Priya đã mượn thẻ từ của Teodor từ giá giặt áo trước khi thẻ được dùng, và trả lại sau đó."
"DED_PROTO_Y_DED_ONLY_PRIYA_HAD_CARD_TEXT","Only Priya could have presented Teodor's key card at 21:12: it was lent to her, she was the only person in the cold-store corridor, and a card can't be copied or used remotely.","Chỉ Priya mới có thể đã quẹt thẻ từ của Teodor lúc 21:12: thẻ được cho cô ta mượn, cô ta là người duy nhất trong hành lang kho lạnh, và thẻ không thể sao chép hay dùng từ xa."
"DED_PROTO_Y_DED_HATCH_STAGED_TEXT","The vent hatch was forced from inside the room, after someone had already walked to the sample rack, to fake an intrusion.","Nắp thông gió bị phá từ bên trong phòng, sau khi đã có người đi tới giá mẫu, nhằm dựng cảnh đột nhập."
"DED_PROTO_Y_CONCL_TEXT","Priya used Teodor's key card, in the lab coat she had borrowed from the laundry rack, to enter the cold room and swap the sample, then forced the vent hatch from inside to make it look like an intrusion.","Priya đã dùng thẻ từ của Teodor, trong chiếc áo blouse cô ta mượn từ giá giặt áo, để vào phòng lạnh tráo mẫu, rồi phá nắp thông gió từ bên trong để trông như có kẻ đột nhập."
"DED_PROTO_Y_TL_TEODOR_LEAVES_LABEL","Teodor leaves the lab building","Teodor rời tòa nhà phòng thí nghiệm"
"DED_PROTO_Y_TL_COAT_BORROWED_LABEL","Priya borrows Teodor's lab coat","Priya mượn áo blouse của Teodor"
"DED_PROTO_Y_TL_GYM_CHECKIN_LABEL","Teodor checks in at Riverside Gym","Teodor quẹt thẻ vào Riverside Gym"
"DED_PROTO_Y_TL_CARD_USED_LABEL","Teodor's key card opens the cold room","Thẻ từ của Teodor mở phòng lạnh"
"DED_PROTO_Y_TL_HATCH_FORCED_LABEL","The vent hatch is forced","Nắp thông gió bị phá"
"DED_PROTO_Y_TL_BIN_OUT_LABEL","Bruno takes the waste bin out","Bruno đẩy thùng rác ra ngoài"
"DED_PROTO_Y_TL_COAT_RETURNED_LABEL","Priya returns the lab coat","Priya trả lại áo blouse"
"DED_PROTO_Y_HINT_MISUSED_1","Ask yourself: where was Teodor at the moment his key card opened the cold room?","Hãy tự hỏi: Teodor đang ở đâu vào đúng lúc thẻ từ của anh mở phòng lạnh?"
"DED_PROTO_Y_HINT_MISUSED_2","Compare times, places, and how long it takes to travel between them.","Hãy so sánh thời gian, địa điểm, và thời gian cần để di chuyển giữa chúng."
"DED_PROTO_Y_HINT_MISUSED_3","The lock log, Teodor's gym check-in and the shuttle timetable belong together.","Nhật ký khóa, lượt vào phòng gym của Teodor và lịch xe đưa đón có liên quan với nhau."
"DED_PROTO_Y_HINT_MISUSED_4","Someone other than Teodor used his key card at 21:12.","Một người không phải Teodor đã dùng thẻ từ của anh lúc 21:12."
"DED_PROTO_Y_HINT_ACCESS_1","The key card wasn't in Teodor's hands. Whose hands could it have been in at 21:12, and nobody else's?","Thẻ từ không nằm trong tay Teodor. Lúc 21:12 nó có thể nằm trong tay ai, và không thể nằm trong tay người nào khác?"
"DED_PROTO_Y_HINT_ACCESS_2","Look at who had possession of the key card, where they were, and who else could have been there.","Hãy xem ai đang giữ thẻ từ, người đó ở đâu, và còn ai khác có thể có mặt ở đó."
"DED_PROTO_Y_HINT_ACCESS_3","Compare the laundry sheet with the cold-store corridor camera log.","Hãy đối chiếu sổ giặt áo với nhật ký camera hành lang kho lạnh."
"DED_PROTO_Y_HINT_ACCESS_4","Start from what the lock record already proves: someone other than Teodor used the card at 21:12.","Hãy bắt đầu từ điều nhật ký khóa đã chứng minh: một người không phải Teodor đã dùng thẻ lúc 21:12."
"DED_PROTO_Y_HINT_STAGED_1","What does the forced hatch actually tell you about how someone got in?","Nắp thông gió bị phá thực sự cho bạn biết gì về cách một người đã vào phòng?"
"DED_PROTO_Y_HINT_STAGED_2","Look closely at the scene, and at what the maintenance diagram says about forced hatches.","Hãy quan sát kỹ hiện trường và xem sơ đồ bảo trì nói gì về nắp bị phá."
"DED_PROTO_Y_HINT_STAGED_3","The forced hatch, the maintenance diagram and the bent tabs belong together.","Nắp bị phá, sơ đồ bảo trì và các lẫy bị cong có liên quan với nhau."
"DED_PROTO_Y_HINT_STAGED_4","The hatch was forced from inside to fake an intrusion.","Nắp thông gió bị phá từ bên trong để dựng cảnh đột nhập."
"DED_PROTO_Y_HINT_CULPRIT_1","Who swapped the sample, and what did they do to hide how?","Ai đã tráo mẫu, và họ đã làm gì để che giấu cách làm?"
"DED_PROTO_Y_HINT_CULPRIT_2","Combine who alone could have used the means of entry with what was staged at the scene.","Hãy kết hợp việc ai là người duy nhất có thể dùng phương tiện ra vào với những gì được dàn dựng tại hiện trường."
"DED_PROTO_Y_HINT_CULPRIT_3","The corridor camera log and the bent tabs point the same way.","Nhật ký camera hành lang và các lẫy bị cong cùng chỉ về một hướng."
"DED_PROTO_Y_HINT_CULPRIT_4","Only Priya could have presented Teodor's key card at 21:12.","Chỉ Priya mới có thể đã quẹt thẻ từ của Teodor lúc 21:12."
"DED_PROTO_Y_TRUTH_SUMMARY","Teodor left at 20:45, leaving his lab coat with the key card in the pocket. Priya borrowed it at 20:55, entered the cold-store corridor alone at 20:59, used the card at 21:12 to swap the sample, forced the vent hatch from inside at 21:14, left the corridor at 21:20 and returned the coat at 21:25. Bruno's bin was routine glassware waste; he lied about leaving early to hide a long unauthorized break.","Teodor rời đi lúc 20:45, để lại áo blouse có thẻ từ trong túi. Priya mượn áo lúc 20:55, một mình vào hành lang kho lạnh lúc 20:59, dùng thẻ lúc 21:12 để tráo mẫu, phá nắp thông gió từ bên trong lúc 21:14, rời hành lang lúc 21:20 rồi trả áo lúc 21:25. Thùng của Bruno chỉ là chất thải thủy tinh thường lệ; anh nói dối là về sớm để che giấu một lần nghỉ dài không được phép."
"DED_PROTO_Y_PROTOA_EXP_DENIAL","Priya said she never borrowed anything — but the laundry sheet shows she personally borrowed Teodor's coat, key card included, at 20:55 and returned it at 21:25. A signed record puts it in her hands for half an hour.","Priya nói cô chưa từng mượn thứ gì — nhưng sổ ghi ở giá phơi đồ cho thấy chính cô đã mượn áo khoác của Teodor, có cả thẻ từ trong túi, lúc 20:55 và trả lại lúc 21:25. Bản ghi có chữ ký đặt nó vào tay cô suốt nửa tiếng đồng hồ."
"DED_PROTO_Y_PROTOA_RESP_DENIAL","Priya's composure slips. 'Fine — I borrowed the coat. That doesn't mean I used the card.'","Vẻ bình tĩnh của Priya chùng xuống. 'Được rồi — tôi có mượn áo khoác. Nhưng điều đó không có nghĩa là tôi đã dùng thẻ.'"
"DED_PROTO_Y_PROTOA_HINT_DENIAL_1","Priya insists she never borrowed anything. Is there a written record of who borrowed the coat?","Priya khăng khăng rằng cô chưa từng mượn thứ gì. Có bản ghi chép nào về việc ai đã mượn áo khoác không?"
"DED_PROTO_Y_PROTOA_HINT_DENIAL_2","Look for a log about items borrowed and returned at the laundry rack.","Tìm một cuốn sổ ghi lại việc đồ vật được mượn và trả lại ở giá phơi đồ."
"DED_PROTO_Y_PROTOA_HINT_DENIAL_3","Review the laundry sheet.","Xem lại sổ ghi ở giá phơi đồ."
"DED_PROTO_Y_PROTOA_HINT_DENIAL_4","The laundry sheet shows Priya herself borrowed the coat — with Teodor's key card still in the pocket — under her own name.","Sổ ghi ở giá phơi đồ cho thấy chính Priya đã mượn áo khoác — vẫn còn thẻ từ của Teodor trong túi — dưới tên của mình."
"DED_PROTO_Y_PROTOA_EXP_VENT","Priya claims someone forced the vent hatch from inside the duct — but the hatch inspection shows the dust from forcing it settled on top of fresh scuff marks already leading to the sample rack. Those scuffs existed before the hatch was forced, so someone was already inside walking toward the rack beforehand. Nobody broke in through the duct; the hatch was forced afterward, from inside the cold-store corridor, to look like an outside entry.","Priya khẳng định có kẻ lạ đã phá nắp thông gió từ trong đường ống — nhưng khi kiểm tra nắp thông gió, lớp bụi từ việc phá nắp lại rơi đè lên những vết trầy đã có sẵn dẫn đến giá mẫu. Những vết trầy đó đã tồn tại trước khi nắp bị phá, nghĩa là đã có người ở bên trong đi về phía giá mẫu từ trước. Không ai đột nhập qua đường ống cả; nắp thông gió bị phá sau đó, từ bên trong hành lang kho lạnh, để tạo cảm giác như có người đột nhập."
"DED_PROTO_Y_PROTOA_RESP_VENT","Priya's voice wavers. 'The scuffs — that proves nothing!' It very much does.","Giọng Priya run lên. 'Mấy vết trầy đó — điều đó chẳng chứng minh được gì cả!' Trên thực tế thì có."
"DED_PROTO_Y_PROTOA_HINT_VENT_1","Priya says someone forced their way in through the vent hatch. Look closely at the order things happened at that hatch.","Priya nói có kẻ lạ đã phá nắp thông gió để đột nhập. Hãy xem kỹ trình tự các việc đã xảy ra ở nắp thông gió đó."
"DED_PROTO_Y_PROTOA_HINT_VENT_2","Compare when the scuff marks were left to when the hatch was actually forced.","So sánh thời điểm để lại vết trầy với thời điểm nắp thông gió thực sự bị phá."
"DED_PROTO_Y_PROTOA_HINT_VENT_3","Review the hatch inspection.","Xem lại kết quả kiểm tra nắp thông gió."
"DED_PROTO_Y_PROTOA_HINT_VENT_4","The dust from forcing the hatch lies on top of scuff marks that were already there — the hatch was forced after someone had already walked to the rack, not before.","Lớp bụi từ việc phá nắp thông gió lại nằm đè lên những vết trầy đã có từ trước — nắp bị phá sau khi có người đã đi đến giá mẫu, chứ không phải trước đó."
"DED_PROTO_Y_PROTOA_EXP_BRUNO","Bruno claimed he left early — but the waste contractor's manifest shows he personally wheeled the bin out at about 21:18, well after he says he'd already gone.","Bruno khai rằng anh đã về sớm — nhưng bản kê của nhà thầu chất thải cho thấy chính anh đã đẩy thùng ra lúc khoảng 21:18, rất lâu sau khi anh nói mình đã rời đi."
"DED_PROTO_Y_PROTOA_RESP_BRUNO","Bruno winces. 'Alright — I was taking a long break I wasn't supposed to. I didn't want it on record.' It has nothing to do with the sample.","Bruno nhăn mặt. 'Được rồi — tôi đã nghỉ giải lao dài mà không được phép. Tôi không muốn chuyện đó bị ghi lại.' Điều này chẳng liên quan gì đến mẫu vật."
"DED_PROTO_Y_PROTOA_COMPLETION","Priya's testimony falls apart on both counts: the laundry sheet puts Teodor's key card in her hands, and the vent hatch was staged from inside after she'd already been at the rack. Her story of never borrowing the coat and of an outside entry through the duct are both exposed as lies.","Lời khai của Priya sụp đổ ở cả hai điểm: sổ ghi ở giá phơi đồ đặt chiếc thẻ từ của Teodor vào tay cô, còn nắp thông gió lại được dàn dựng từ bên trong sau khi cô đã có mặt ở giá mẫu. Cả câu chuyện 'chưa từng mượn áo khoác' lẫn 'có kẻ đột nhập qua đường ống' của cô đều bị vạch trần là dối trá."
"DED_PROTO_Z_NAME","[Prototype Z] The Switched Parcel","[Nguyên mẫu Z] Kiện Hàng Bị Đánh Tráo"
"DED_PROTO_Z_DESC","Non-canon dummy mystery for deduction playtests. A sealed parcel at the customs depot was switched just before dispatch.","Vụ án giả lập không thuộc cốt truyện, chỉ dùng để thử nghiệm suy luận. Một kiện hàng đã niêm phong tại kho hải quan bị đánh tráo ngay trước khi xuất đi."
"DED_PROTO_Z_SUS_NADIA_NAME","Nadia Okafor (customs inspector)","Nadia Okafor (thanh tra hải quan)"
"DED_PROTO_Z_SUS_FELIX_NAME","Felix Moreau (freight agent)","Felix Moreau (đại lý vận chuyển)"
"DED_PROTO_Z_SUS_GUS_NAME","Gus Hale (forklift driver)","Gus Hale (tài xế xe nâng)"
"DED_PROTO_Z_Q_OWNER_TEXT","Could Nadia have used her own seal scanner at 06:42?","Liệu Nadia có thể đã tự dùng máy quét niêm phong của mình lúc 06:42 không?"
"DED_PROTO_Z_Q_ACCESS_TEXT","Who could have used Nadia's scanner at 06:42?","Ai có thể đã dùng máy quét của Nadia lúc 06:42?"
"DED_PROTO_Z_Q_STAGING_TEXT","What does the cut fence really show?","Hàng rào bị cắt thực sự cho thấy điều gì?"
"DED_PROTO_Z_Q_CULPRIT_TEXT","Who switched the parcel, and how was it covered up?","Ai đã đánh tráo kiện hàng, và việc đó đã được che đậy thế nào?"
"DED_PROTO_Z_E_SEAL_REGISTRY_NAME","Seal registry entry","Mục ghi trong sổ niêm phong"
"DED_PROTO_Z_E_SEAL_REGISTRY_TEXT","Seal registry: Nadia Okafor's handheld scanner applied a fresh seal to parcel 118, inside the parcel cage area, at 06:42. A scanner works only when held against the seal; it cannot be copied or operated remotely.","Sổ niêm phong: máy quét cầm tay của Nadia Okafor đã dán niêm phong mới cho kiện hàng 118, nằm trong khu lồng chứa, lúc 06:42. Máy quét chỉ hoạt động khi áp trực tiếp vào niêm phong; máy không thể sao chép hay điều khiển từ xa."
"DED_PROTO_Z_E_FERRY_GATE_NAME","Ferry gate record","Dữ liệu cổng lên phà"
"DED_PROTO_Z_E_FERRY_GATE_TEXT","Ferry gate: Nadia's ticket was scanned boarding at North Pier at 06:38. Boarding staff checked Nadia's own photo ID against the ticket.","Cổng lên phà: vé của Nadia được quét khi lên phà tại Bến Bắc lúc 06:38. Nhân viên soát vé đã đối chiếu giấy tờ có ảnh của chính Nadia với vé."
"DED_PROTO_Z_E_FERRY_PHOTO_NAME","Photo sent to her sister","Ảnh gửi cho em gái"
"DED_PROTO_Z_E_FERRY_PHOTO_TEXT","A photo Nadia sent her sister shows Nadia on the ferry deck at North Pier; the deck clock behind her reads 06:41.","Bức ảnh Nadia gửi cho em gái cho thấy Nadia đứng trên boong phà ở Bến Bắc; đồng hồ trên boong phía sau cô chỉ 06:41."
"DED_PROTO_Z_E_PORT_MAP_NOTE_NAME","Port map note","Ghi chú bản đồ cảng"
"DED_PROTO_Z_E_PORT_MAP_NOTE_TEXT","The fastest route between North Pier and the customs depot takes 30 minutes, even by car.","Tuyến đường nhanh nhất giữa Bến Bắc và kho hải quan mất 30 phút, kể cả đi ô tô."
"DED_PROTO_Z_E_LOCKER_LOG_NAME","Equipment locker log","Sổ tủ thiết bị"
"DED_PROTO_Z_E_LOCKER_LOG_TEXT","Gus's equipment locker log: 06:20 'N. Okafor's seal scanner, left on the charging dock — taken by F. Moreau, will bring it to her'. 06:55 'scanner returned by F. Moreau'.","Sổ tủ thiết bị do Gus ghi: 06:20 'máy quét niêm phong của N. Okafor, để trên đế sạc — F. Moreau lấy, hứa mang đến cho cô ấy'. 06:55 'F. Moreau trả lại máy quét'."
"DED_PROTO_Z_E_CAGE_CAMERA_NAME","Cage-area camera log","Nhật ký camera khu lồng chứa"
"DED_PROTO_Z_E_CAGE_CAMERA_TEXT","Camera on the parcel cage area's only gate (the area is fenced floor to roof): the 06:00 cage check finds the area empty and locks it; 06:23 Felix walks in with a handheld scanner clipped to his belt; 06:51 he walks out with it still clipped on. Nobody else enters or leaves the area between 06:00 and 07:10.","Camera ở cổng duy nhất của khu lồng chứa (khu này được rào kín từ sàn tới mái): đợt kiểm lồng lúc 06:00 xác nhận khu này trống người và khóa lại; 06:23 Felix đi vào, đeo một máy quét cầm tay ở thắt lưng; 06:51 anh ta đi ra, máy vẫn đeo ở đó. Không ai khác ra vào khu này từ 06:00 đến 07:10."
"DED_PROTO_Z_E_CUT_FENCE_NAME","Cut rear fence","Hàng rào sau bị cắt"
"DED_PROTO_Z_E_CUT_FENCE_TEXT","The cage area's rear fence has been cut open, and parcel 118, checked at the 06:00 cage check, has been switched. Wire clippings from the cut lie on top of fresh boot prints leading to the parcel; no prints cross the gap in the fence.","Hàng rào phía sau khu lồng chứa bị cắt thủng, và kiện hàng 118, đã được kiểm lúc kiểm lồng 06:00, nay bị đánh tráo. Những mẩu dây bị cắt nằm đè lên dấu giày mới dẫn tới kiện hàng; không có dấu chân nào đi qua lỗ hổng trên hàng rào."
"DED_PROTO_Z_E_FENCE_SHEET_NAME","Fence contractor's safety sheet","Bảng an toàn của thợ làm hàng rào"
"DED_PROTO_Z_E_FENCE_SHEET_TEXT","Illustrated safety sheet: when chain-link fence is cut, the cut wire ends bend away from the side the force came from.","Bảng an toàn có hình minh họa: khi hàng rào lưới bị cắt, các đầu dây bị cắt cong về phía ngược với phía lực tác động."
"DED_PROTO_Z_E_WIRE_ENDS_NAME","The cut wire ends","Các đầu dây bị cắt"
"DED_PROTO_Z_E_WIRE_ENDS_TEXT","Every cut wire end is bent outward, toward the street.","Mọi đầu dây bị cắt đều cong ra ngoài, về phía đường."
"DED_PROTO_Z_E_YARD_SIGHTING_NAME","Yard guard's log","Sổ của bảo vệ sân bãi"
"DED_PROTO_Z_E_YARD_SIGHTING_TEXT","Yard guard: 'Around 06:47 I watched Gus drive a covered pallet away from beside the parcel cage. I heard wire snap a few minutes after twenty to seven, but not while I was watching him.'","Bảo vệ sân bãi: 'Khoảng 06:47 tôi thấy Gus lái xe chở một pallet có phủ bạt rời khỏi chỗ cạnh lồng chứa kiện hàng. Tôi nghe tiếng dây đứt lúc hơn bảy giờ kém hai mươi vài phút, nhưng không phải lúc đang nhìn anh ta.'"
"DED_PROTO_Z_E_PALLET_MANIFEST_NAME","Dispatch manifest","Phiếu xuất hàng"
"DED_PROTO_Z_E_PALLET_MANIFEST_TEXT","Dispatch manifest: about 06:47, one covered pallet of returned empty crates moved from the dock beside the cage area by G. Hale.","Phiếu xuất hàng: khoảng 06:47, một pallet thùng rỗng hoàn trả có phủ bạt được G. Hale chuyển khỏi bến bốc dỡ cạnh khu lồng chứa."
"DED_PROTO_Z_ST_NADIA_TOOK_FERRY_TEXT","Nadia: 'I left a bit after six to catch the early ferry at North Pier.'","Nadia: 'Tôi rời đi lúc hơn sáu giờ một chút để kịp chuyến phà sớm ở Bến Bắc.'"
"DED_PROTO_Z_ST_NADIA_SCANNER_ON_DOCK_TEXT","Nadia: 'I left my scanner on the charging dock, like always.'","Nadia: 'Tôi để máy quét trên đế sạc, như mọi khi.'"
"DED_PROTO_Z_ST_FELIX_NEVER_HANDLED_TEXT","Felix: 'I've never handled an inspector's scanner.'","Felix: 'Tôi chưa từng cầm máy quét của thanh tra.'"
"DED_PROTO_Z_ST_FELIX_FENCE_ENTRY_TEXT","Felix: 'Thieves obviously cut the fence and got at the cage from the street.'","Felix: 'Rõ ràng bọn trộm đã cắt hàng rào và vào lồng chứa từ phía đường.'"
"DED_PROTO_Z_ST_GUS_NOT_IN_YARD_TEXT","Gus: 'I wasn't anywhere near the yard after half past six.'","Gus: 'Sau sáu rưỡi tôi không hề ở gần sân bãi.'"
"DED_PROTO_Z_HYP_NADIA_TEXT","Hypothesis: Nadia used her own scanner to re-seal the switched parcel.","Giả thuyết: Nadia đã dùng chính máy quét của mình để niêm phong lại kiện hàng bị tráo."
"DED_PROTO_Z_HYP_GUS_TEXT","Hypothesis: Gus hid the real parcel on the covered pallet.","Giả thuyết: Gus đã giấu kiện hàng thật trên pallet phủ bạt."
"DED_PROTO_Z_HYP_OUTSIDER_TEXT","Hypothesis: outside thieves cut the fence and switched the parcel.","Giả thuyết: bọn trộm bên ngoài đã cắt hàng rào và đánh tráo kiện hàng."
"DED_PROTO_Z_EXP_EMPTY_CRATES_TEXT","Gus's pallet was returned empty crates, not the parcel.","Pallet của Gus là thùng rỗng hoàn trả, không phải kiện hàng."
"DED_PROTO_Z_DED_SCANNER_MISUSED_TEXT","Someone other than Nadia used Nadia's scanner at 06:42.","Một người không phải Nadia đã dùng máy quét của Nadia lúc 06:42."
"DED_PROTO_Z_DED_FELIX_TOOK_SCANNER_TEXT","Felix took Nadia's scanner from the locker before it was used and returned it afterwards.","Felix đã lấy máy quét của Nadia từ tủ thiết bị trước khi máy được dùng, và trả lại sau đó."
"DED_PROTO_Z_DED_ONLY_FELIX_HAD_SCANNER_TEXT","Only Felix could have used Nadia's scanner at 06:42: it was signed out to him, he was the only person in the cage area, and a scanner can't be copied or operated remotely.","Chỉ Felix mới có thể đã dùng máy quét của Nadia lúc 06:42: máy được giao cho anh ta, anh ta là người duy nhất trong khu lồng chứa, và máy không thể sao chép hay điều khiển từ xa."
"DED_PROTO_Z_DED_FENCE_STAGED_TEXT","The fence was cut from inside the cage area, after someone had already walked to the parcel, to fake a break-in.","Hàng rào bị cắt từ bên trong khu lồng chứa, sau khi đã có người đi tới kiện hàng, nhằm dựng cảnh đột nhập."
"DED_PROTO_Z_CONCL_TEXT","Felix used Nadia's scanner, which he had taken from the locker on the promise of bringing it to her, to re-seal the switched parcel, then cut the fence from inside to make it look like an outside break-in.","Felix đã dùng máy quét của Nadia, thứ anh ta lấy từ tủ thiết bị với lời hứa mang đến cho cô, để niêm phong lại kiện hàng bị tráo, rồi cắt hàng rào từ bên trong để trông như có kẻ đột nhập từ ngoài vào."
"DED_PROTO_Z_TL_NADIA_LEAVES_LABEL","Nadia leaves the depot","Nadia rời kho hải quan"
"DED_PROTO_Z_TL_SCANNER_TAKEN_LABEL","Felix takes Nadia's scanner from the dock","Felix lấy máy quét của Nadia khỏi đế sạc"
"DED_PROTO_Z_TL_FERRY_BOARDING_LABEL","Nadia's ticket is scanned at North Pier","Vé của Nadia được quét tại Bến Bắc"
"DED_PROTO_Z_TL_SEAL_APPLIED_LABEL","Nadia's scanner seals parcel 118","Máy quét của Nadia niêm phong kiện hàng 118"
"DED_PROTO_Z_TL_FENCE_CUT_LABEL","The rear fence is cut","Hàng rào sau bị cắt"
"DED_PROTO_Z_TL_PALLET_MOVED_LABEL","Gus moves the covered pallet","Gus chuyển pallet phủ bạt"
"DED_PROTO_Z_TL_SCANNER_RETURNED_LABEL","Felix returns the scanner","Felix trả lại máy quét"
"DED_PROTO_Z_HINT_MISUSED_1","Ask yourself: where was Nadia at the moment her scanner sealed the parcel?","Hãy tự hỏi: Nadia đang ở đâu vào đúng lúc máy quét của cô niêm phong kiện hàng?"
"DED_PROTO_Z_HINT_MISUSED_2","Compare times, places, and how long it takes to travel between them.","Hãy so sánh thời gian, địa điểm, và thời gian cần để di chuyển giữa chúng."
"DED_PROTO_Z_HINT_MISUSED_3","The seal registry, the ferry gate record and the port map note belong together.","Sổ niêm phong, dữ liệu cổng lên phà và ghi chú bản đồ cảng có liên quan với nhau."
"DED_PROTO_Z_HINT_MISUSED_4","Someone other than Nadia used her scanner at 06:42.","Một người không phải Nadia đã dùng máy quét của cô lúc 06:42."
"DED_PROTO_Z_HINT_ACCESS_1","The scanner wasn't in Nadia's hands. Whose hands could it have been in at 06:42, and nobody else's?","Máy quét không nằm trong tay Nadia. Lúc 06:42 nó có thể nằm trong tay ai, và không thể nằm trong tay người nào khác?"
"DED_PROTO_Z_HINT_ACCESS_2","Look at who had possession of the scanner, where they were, and who else could have been there.","Hãy xem ai đang giữ máy quét, người đó ở đâu, và còn ai khác có thể có mặt ở đó."
"DED_PROTO_Z_HINT_ACCESS_3","Compare the equipment locker log with the cage-area camera log.","Hãy đối chiếu sổ tủ thiết bị với nhật ký camera khu lồng chứa."
"DED_PROTO_Z_HINT_ACCESS_4","Start from what the seal record already proves: someone other than Nadia used the scanner at 06:42.","Hãy bắt đầu từ điều sổ niêm phong đã chứng minh: một người không phải Nadia đã dùng máy quét lúc 06:42."
"DED_PROTO_Z_HINT_STAGED_1","What does the cut fence actually tell you about how the parcel was reached?","Hàng rào bị cắt thực sự cho bạn biết gì về cách tiếp cận kiện hàng?"
"DED_PROTO_Z_HINT_STAGED_2","Look closely at the scene, and at what the safety sheet says about cut wire.","Hãy quan sát kỹ hiện trường và xem bảng an toàn nói gì về dây bị cắt."
"DED_PROTO_Z_HINT_STAGED_3","The cut fence, the safety sheet and the bent wire ends belong together.","Hàng rào bị cắt, bảng an toàn và các đầu dây bị cong có liên quan với nhau."
"DED_PROTO_Z_HINT_STAGED_4","The fence was cut from inside to fake a break-in.","Hàng rào bị cắt từ bên trong để dựng cảnh đột nhập."
"DED_PROTO_Z_HINT_CULPRIT_1","Who switched the parcel, and what did they do to hide how?","Ai đã đánh tráo kiện hàng, và họ đã làm gì để che giấu cách làm?"
"DED_PROTO_Z_HINT_CULPRIT_2","Combine who alone could have used the means of access with what was staged at the scene.","Hãy kết hợp việc ai là người duy nhất có thể dùng phương tiện truy cập với những gì được dàn dựng tại hiện trường."
"DED_PROTO_Z_HINT_CULPRIT_3","The cage-area camera log and the bent wire ends point the same way.","Nhật ký camera khu lồng chứa và các đầu dây bị cong cùng chỉ về một hướng."
"DED_PROTO_Z_HINT_CULPRIT_4","Only Felix could have used Nadia's scanner at 06:42.","Chỉ Felix mới có thể đã dùng máy quét của Nadia lúc 06:42."
"DED_PROTO_Z_TRUTH_SUMMARY","Nadia left at 06:02, leaving her scanner on the charging dock. Felix took it at 06:20, entered the cage area alone at 06:23, used it at 06:42 to re-seal the switched parcel, cut the fence from inside at 06:44, left the cage area at 06:51 and returned the scanner at 06:55. Gus's pallet was returned empty crates; he lied about being away from the yard to hide driving with a lapsed forklift licence.","Nadia rời đi lúc 06:02, để máy quét trên đế sạc. Felix lấy nó lúc 06:20, một mình vào khu lồng chứa lúc 06:23, dùng lúc 06:42 để niêm phong lại kiện hàng bị tráo, cắt hàng rào từ bên trong lúc 06:44, rời khu lồng chứa lúc 06:51 rồi trả máy lúc 06:55. Pallet của Gus chỉ là thùng rỗng hoàn trả; anh nói dối là không ở sân bãi để che giấu việc lái xe nâng khi giấy phép đã hết hạn."
"DED_PROTO_Z_PROTOA_EXP_DENIAL","Felix said he never handled the scanner — but the equipment locker log shows he personally took it at 06:20 and returned it at 06:55. A logged record puts it in his hands for thirty-five minutes.","Felix nói anh ta chưa từng động vào máy quét — nhưng sổ ghi ở tủ thiết bị cho thấy chính anh đã lấy máy lúc 06:20 và trả lại lúc 06:55. Bản ghi chép đặt nó vào tay anh suốt ba mươi lăm phút."
"DED_PROTO_Z_PROTOA_RESP_DENIAL","Felix's composure slips. 'Fine — I took the scanner. That doesn't mean I used it on anything.'","Vẻ bình tĩnh của Felix chùng xuống. 'Được rồi — tôi có lấy máy quét. Nhưng điều đó không có nghĩa là tôi đã dùng nó vào việc gì.'"
"DED_PROTO_Z_PROTOA_HINT_DENIAL_1","Felix insists he never handled the scanner. Is there a written record of who took equipment from the locker?","Felix khăng khăng rằng anh ta chưa từng động vào máy quét. Có bản ghi chép nào về việc ai đã lấy thiết bị từ tủ không?"
"DED_PROTO_Z_PROTOA_HINT_DENIAL_2","Look for a log about equipment taken and returned at the locker.","Tìm một cuốn sổ ghi lại việc thiết bị được lấy và trả lại ở tủ."
"DED_PROTO_Z_PROTOA_HINT_DENIAL_3","Review the equipment locker log.","Xem lại sổ ghi ở tủ thiết bị."
"DED_PROTO_Z_PROTOA_HINT_DENIAL_4","The locker log shows Felix himself took the scanner out under his own name.","Sổ ghi ở tủ thiết bị cho thấy chính Felix đã lấy máy quét ra dưới tên của mình."
"DED_PROTO_Z_PROTOA_EXP_FENCE","Felix claims someone cut the rear fence from the street — but the fence inspection shows the wire clippings fell on top of boot prints already leading to the parcel. Those prints existed before the fence was cut, so someone was already inside walking toward the parcel beforehand. Nobody cut their way in from outside; the fence was cut afterward, from inside the cage area, to look like an outside entry.","Felix khẳng định có kẻ lạ đã cắt hàng rào phía sau từ ngoài đường — nhưng khi kiểm tra hàng rào, các mẩu dây thép cắt ra lại rơi đè lên những dấu giày đã có sẵn dẫn đến kiện hàng. Những dấu giày đó đã tồn tại trước khi hàng rào bị cắt, nghĩa là đã có người ở bên trong đi về phía kiện hàng từ trước. Không ai cắt rào đột nhập từ bên ngoài cả; hàng rào bị cắt sau đó, từ bên trong khu lồng chứa, để tạo cảm giác như có người đột nhập."
"DED_PROTO_Z_PROTOA_RESP_FENCE","Felix's voice cracks. 'The boot prints — that doesn't prove anything!' It very much does.","Giọng Felix lạc đi. 'Mấy dấu giày đó — điều đó chẳng chứng minh được gì cả!' Trên thực tế thì có."
"DED_PROTO_Z_PROTOA_HINT_FENCE_1","Felix says someone cut their way in through the rear fence. Look closely at the order things happened at that fence.","Felix nói có kẻ lạ đã cắt hàng rào để đột nhập. Hãy xem kỹ trình tự các việc đã xảy ra ở hàng rào đó."
"DED_PROTO_Z_PROTOA_HINT_FENCE_2","Compare when the boot prints were left to when the fence was actually cut.","So sánh thời điểm để lại dấu giày với thời điểm hàng rào thực sự bị cắt."
"DED_PROTO_Z_PROTOA_HINT_FENCE_3","Review the fence inspection.","Xem lại kết quả kiểm tra hàng rào."
"DED_PROTO_Z_PROTOA_HINT_FENCE_4","The wire clippings from cutting the fence lie on top of boot prints that were already there — the fence was cut after someone had already walked to the parcel, not before.","Các mẩu dây thép từ việc cắt hàng rào lại nằm đè lên những dấu giày đã có từ trước — hàng rào bị cắt sau khi có người đã đi đến kiện hàng, chứ không phải trước đó."
"DED_PROTO_Z_PROTOA_EXP_GUS","Gus claimed he wasn't in the yard — but the dispatch manifest shows he personally moved a pallet there at about 06:47, right when he says he wasn't around.","Gus khai rằng anh không có mặt ở sân bãi — nhưng bản kê hàng hóa cho thấy chính anh đã di chuyển một pallet ở đó lúc khoảng 06:47, đúng lúc anh nói mình không ở đó."
"DED_PROTO_Z_PROTOA_RESP_GUS","Gus grimaces. 'Alright — I was driving the forklift on a lapsed licence. I didn't want that written down.' It has nothing to do with the parcel.","Gus nhăn mặt. 'Được rồi — tôi lái xe nâng khi giấy phép đã hết hạn. Tôi không muốn chuyện đó bị ghi lại.' Điều này chẳng liên quan gì đến kiện hàng."
"DED_PROTO_Z_PROTOA_COMPLETION","Felix's testimony falls apart on both counts: the locker log puts Nadia's scanner in his hands, and the rear fence was staged from inside after he'd already been at the parcel. His story of never handling the scanner and of an outside entry through the fence are both exposed as lies.","Lời khai của Felix sụp đổ ở cả hai điểm: sổ ghi ở tủ thiết bị đặt máy quét của Nadia vào tay anh ta, còn hàng rào phía sau lại được dàn dựng từ bên trong sau khi anh đã có mặt ở kiện hàng. Cả câu chuyện 'chưa từng động vào máy quét' lẫn 'có kẻ đột nhập qua hàng rào' của anh đều bị vạch trần là dối trá."
"UI_DEDUCTION_LAB_NON_CANON_BADGE","NON-CANON PROTOTYPE","NGUYÊN MẪU — KHÔNG PHẢI CHÍNH SỬ"
"UI_PROTOTYPE_A_LAUNCH_BUTTON","Launch Prototype A — Statement Contradiction","Khởi Chạy Nguyên Mẫu A — Mâu Thuẫn Lời Khai"
"UI_PROTOTYPE_A_TITLE","Prototype A — Statement Contradiction","Nguyên Mẫu A — Mâu Thuẫn Lời Khai"
"UI_PROTOTYPE_A_OBJECTIVE","Objective: find the contradiction in the testimony, then present the one piece of evidence that exposes it.","Mục tiêu: tìm ra mâu thuẫn trong lời khai, rồi đưa ra đúng một bằng chứng để vạch trần nó."
"UI_PROTOTYPE_A_CASE_FILE","Case File","Hồ Sơ Vụ Án"
"UI_PROTOTYPE_A_PREVIOUS","Previous","Trước"
"UI_PROTOTYPE_A_NEXT","Next","Tiếp"
"UI_PROTOTYPE_A_HINT","Hint","Gợi Ý"
"UI_PROTOTYPE_A_PRESENT","Present Evidence","Đưa Ra Bằng Chứng"
"UI_PROTOTYPE_A_CONTINUE","Continue","Tiếp Tục"
"UI_PROTOTYPE_A_RESTART","Restart","Chơi Lại"
"UI_PROTOTYPE_A_RETURN_TO_LAB","Return to Lab","Về Phòng Thí Nghiệm"
"UI_PROTOTYPE_A_START","Start","Bắt Đầu"
"UI_PROTOTYPE_A_CONFIRM_RESTART","Restart this run? All progress will be lost.","Chơi lại từ đầu? Toàn bộ tiến trình sẽ mất."
"UI_PROTOTYPE_A_CONFIRM_EXIT","Return to the Lab? Your progress in this run will be lost.","Về Phòng Thí Nghiệm? Tiến trình của lượt chơi này sẽ mất."
"UI_PROTOTYPE_A_RECORDER_START","Start Recording","Bắt Đầu Ghi"
"UI_PROTOTYPE_A_RECORDER_STOP","Stop","Dừng"
"UI_PROTOTYPE_A_RECORDER_CLEAR","Clear","Xóa"
"UI_PROTOTYPE_A_RECORDER_EXPORT","Export Recording","Xuất Bản Ghi"
"UI_PROTOTYPE_A_FEEDBACK_IRRELEVANT","That evidence doesn't address what this statement actually claims.","Bằng chứng đó không liên quan đến điều lời khai này thực sự nói."
"UI_PROTOTYPE_A_FEEDBACK_INSUFFICIENT","That evidence raises suspicion, but it doesn't directly contradict this statement on its own.","Bằng chứng đó gây nghi ngờ, nhưng tự nó chưa trực tiếp mâu thuẫn với lời khai này."
"UI_PROTOTYPE_A_FEEDBACK_COMPATIBLE","That evidence is consistent with the statement — it doesn't actually contradict it.","Bằng chứng đó phù hợp với lời khai — nó không thực sự mâu thuẫn với lời khai."
"UI_PROTOTYPE_A_FEEDBACK_INVALID","Select a statement and one piece of evidence before presenting.","Hãy chọn một lời khai và một bằng chứng trước khi đưa ra."
"UI_PROTOTYPE_A_FEEDBACK_SUCCESS_HEADLINE","Contradiction exposed!","Mâu Thuẫn Đã Bị Vạch Trần!"
"UI_PROTOTYPE_A_FEEDBACK_OPTIONAL_HEADLINE","A lie — but not the one you're looking for.","Một lời nói dối — nhưng không phải điều bạn đang tìm."
"UI_PROTOTYPE_A_ROUND_LABEL","Part %d of %d","Phần %d trên %d"
"UI_PROTOTYPE_A_STATS_OPTIONAL","Optional contradictions found: %d","Mâu thuẫn phụ đã tìm thấy: %d"
"UI_PROTOTYPE_A_COMPLETE_TITLE","Testimony Broken","Lời Khai Đã Bị Vạch Trần"
"UI_PROTOTYPE_A_EVIDENCE_UNOPENED","Unopened","Chưa Xem"
"UI_PROTOTYPE_A_EVIDENCE_OPEN_BUTTON","Open","Xem"
"UI_PROTOTYPE_A_SELECT_BUTTON","Select","Chọn"
"UI_PROTOTYPE_A_SELECTED_LABEL","Selected","Đã Chọn"
"UI_PROTOTYPE_A_CONFIRM_PRESENT","Present this evidence?","Đưa ra bằng chứng này?"
"UI_PROTOTYPE_A_NO_CASE_SELECTED","No case selected yet.","Chưa chọn vụ án nào."
"UI_PROTOTYPE_A_STATEMENT_LABEL","Statement","Lời Khai"
"UI_PROTOTYPE_A_NONE_SELECTED","(none selected)","(chưa chọn)"
"UI_PROTOTYPE_B_TITLE","Prototype B — Clue Connection","Nguyên Mẫu B — Kết Nối Manh Mối"
"UI_PROTOTYPE_B_LAUNCH_BUTTON","Launch Prototype B — Clue Connection","Khởi Chạy Nguyên Mẫu B — Kết Nối Manh Mối"
"UI_PROTOTYPE_B_RETURN_TO_LAB","Return to Lab","Quay Lại Phòng Thí Nghiệm"
"UI_PROTOTYPE_B_START","Start","Bắt Đầu"
"UI_PROTOTYPE_B_RESTART","Restart","Chơi Lại"
"UI_PROTOTYPE_B_NO_CASE_SELECTED","No case selected yet.","Chưa chọn vụ án nào."
"UI_PROTOTYPE_B_CASE_FILE","Case File","Hồ Sơ Vụ Án"
"UI_PROTOTYPE_B_HINT","Hint","Gợi Ý"
"UI_PROTOTYPE_B_CONTINUE","Continue","Tiếp Tục"
"UI_PROTOTYPE_B_SLOT_LABEL","Slot %d","Ô %d"
"UI_PROTOTYPE_B_SLOT_EMPTY","(empty)","(trống)"
"UI_PROTOTYPE_B_PLACE_BUTTON","Place","Đặt Vào"
"UI_PROTOTYPE_B_REMOVE_BUTTON","Remove","Gỡ Ra"
"UI_PROTOTYPE_B_EVIDENCE_OPEN_BUTTON","Open","Xem"
"UI_PROTOTYPE_B_EVIDENCE_UNOPENED","(unopened)","(chưa xem)"
"UI_PROTOTYPE_B_PLACED_LABEL","Placed","Đã Đặt"
"UI_PROTOTYPE_B_QUESTION_LABEL","Investigation question","Câu hỏi điều tra"
"UI_PROTOTYPE_B_COMPLETE_TITLE","Two Deductions Formed","Đã Hình Thành Hai Suy Luận"
"UI_PROTOTYPE_B_CONFIRM_RESTART","Restart? All progress on this run will be lost.","Chơi lại? Mọi tiến trình của lượt chơi này sẽ mất."
"UI_PROTOTYPE_B_CONFIRM_EXIT","Return to the Lab? Your progress on this run will be lost.","Quay lại Phòng Thí Nghiệm? Tiến trình của lượt chơi này sẽ mất."
"UI_PROTOTYPE_B_RECORDER_START","Start Recording","Bắt Đầu Ghi"
"UI_PROTOTYPE_B_RECORDER_STOP","Stop","Dừng"
"UI_PROTOTYPE_B_RECORDER_CLEAR","Clear","Xóa"
"UI_PROTOTYPE_B_RECORDER_EXPORT","Export Recording","Xuất Bản Ghi"
"UI_PROTOTYPE_B_STATS_OPENED","Clues opened: %d","Số manh mối đã xem: %d"
"UI_PROTOTYPE_B_STATS_REPLACEMENTS","Clue replacements: %d","Số lần thay manh mối: %d"
"UI_PROTOTYPE_B_FEEDBACK_SUCCESS_HEADLINE","Theory confirmed — both connections hold","Giả thuyết được xác nhận — cả hai kết nối đều đứng vững"
"UI_PROTOTYPE_B_FEEDBACK_INVALID","Fill every slot in every draft with a distinct piece of evidence before committing the theory.","Hãy lấp đầy mọi ô trong mọi bản nháp bằng các manh mối khác nhau trước khi xác nhận giả thuyết."
"UI_PROTOTYPE_B_STATS_DRAFTS_SAVED","Drafts saved: %d","Số lần lưu bản nháp: %d"
"UI_PROTOTYPE_B_DRAFT_TAB","Question %d","Câu hỏi %d"
"UI_PROTOTYPE_B_DRAFT_TAB_CURRENT","current","đang xem"
"UI_PROTOTYPE_B_DRAFT_FILLED","%d/%d filled","đã điền %d/%d"
"UI_PROTOTYPE_B_DRAFT_STATUS","Unverified Draft — %d/%d slots filled","Bản nháp chưa kiểm chứng — đã điền %d/%d ô"
"UI_PROTOTYPE_B_DRAFT_SAVED_LABEL","saved","đã lưu"
"UI_PROTOTYPE_B_DRAFT_UNSAVED_LABEL","not saved","chưa lưu"
"UI_PROTOTYPE_B_DRAFT_SAVED_STATUS","Draft saved. It stays unverified until you commit the whole theory.","Đã lưu bản nháp. Bản nháp vẫn chưa được kiểm chứng cho đến khi bạn xác nhận toàn bộ giả thuyết."
"UI_PROTOTYPE_B_SAVE_DRAFT","Save Draft","Lưu Bản Nháp"
"UI_PROTOTYPE_B_COMMIT_THEORY","Commit Theory","Xác Nhận Giả Thuyết"
"UI_PROTOTYPE_B_COMMIT_HELP","Draft an answer for every question, then commit the whole theory at once. Drafts are never checked until you commit.","Hãy soạn câu trả lời cho mọi câu hỏi, rồi xác nhận toàn bộ giả thuyết một lần. Bản nháp không được kiểm tra cho đến khi bạn xác nhận."
"UI_PROTOTYPE_B_FEEDBACK_THEORY_REJECTED","At least one connection in this theory is not sufficiently established.","Có ít nhất một kết nối trong giả thuyết này chưa được thiết lập đủ vững."
"UI_PROTOTYPE_B_FEEDBACK_GUIDED","Take another look at this question: %s","Hãy xem lại câu hỏi này: %s"
"UI_PROTOTYPE_B_FEEDBACK_DUPLICATE","You've already committed exactly this theory. Change at least one connection first — this costs nothing.","Bạn đã xác nhận đúng giả thuyết này rồi. Hãy thay đổi ít nhất một kết nối trước — lần này không bị tính."
"UI_PROTOTYPE_B_FEEDBACK_ALREADY_ACCEPTED","This theory is already confirmed.","Giả thuyết này đã được xác nhận."
"UI_PROTOTYPE_B_ASSISTANCE_FOCUS","Your partner points you back to this question: %s","Cộng sự của bạn gợi ý xem lại câu hỏi: %s"
"UI_PROTOTYPE_B_PARTNER_NOTE","For “%s”, your partner connected: %s.","Với “%s”, cộng sự của bạn đã kết nối: %s."
"DED_PROTO_X_PROTOB_Q1","What does the door log really tell you about who used Mara's badge?","Đâu là điều mà sổ ghi cửa thực sự cho thấy về việc ai đã dùng thẻ của Mara?"
"DED_PROTO_X_PROTOB_EXP1","The door log proves the badge was physically held to the reader at 20:06. The transit map note shows the trip from Harbor takes at least 25 minutes. The record placing Mara herself at Harbor around that time shows she was too far away to have presented the badge in person. Together, these facts show someone other than Mara used her badge.","Sổ ghi cửa chứng minh chiếc thẻ đã thực sự được đưa vào đầu đọc lúc 20:06. Ghi chú bản đồ giao thông cho thấy quãng đường từ Harbor mất ít nhất 25 phút. Bản ghi xác nhận chính Mara có mặt ở Harbor vào khoảng thời gian đó cho thấy cô ở quá xa để có thể tự mình đưa thẻ vào đầu đọc. Cùng nhau, những sự kiện này cho thấy có người khác ngoài Mara đã dùng thẻ của cô."
"DED_PROTO_X_PROTOB_Q2","What does the forced window really show about how the room was entered?","Đâu là điều mà cửa sổ bị phá thực sự cho thấy về cách căn phòng bị xâm nhập?"
"DED_PROTO_X_PROTOB_EXP2","The window-repair guide states that a forced latch bends away from the side the force came from. The latch is bent outward, toward the courtyard. The forced-window inspection also shows the frame dust settled on top of footprints that already led to the shelf — those footprints existed before the window was forced. Together, these facts show the window was forced from inside, after someone had already walked to the shelf, to fake an outside break-in.","Hướng dẫn sửa cửa sổ ghi rằng một chốt bị phá sẽ bẻ cong về phía ngược với hướng lực tác động. Chốt cửa bị bẻ cong ra ngoài, về phía sân trong. Việc kiểm tra cửa sổ bị phá cũng cho thấy lớp bụi từ khung cửa rơi đè lên những dấu chân đã có sẵn dẫn đến kệ sách — những dấu chân đó đã tồn tại trước khi cửa sổ bị phá. Cùng nhau, những sự kiện này cho thấy cửa sổ bị phá từ bên trong, sau khi có người đã đi đến kệ sách, để tạo cảm giác như có người đột nhập từ bên ngoài."
"DED_PROTO_X_PROTOB_COMPLETION","You've formed two solid deductions from the evidence: someone other than Mara used her badge, and the courtyard window was forced from inside to fake a break-in. Whether that adds up to a full case against anyone is a question for another day — for now, two connections, soundly made.","Bạn đã hình thành hai suy luận vững chắc từ bằng chứng: có người khác ngoài Mara đã dùng thẻ của cô, và cửa sổ hướng ra sân trong đã bị phá từ bên trong để dàn dựng một vụ đột nhập. Liệu điều đó có đủ để kết luận toàn bộ vụ án hay không là câu hỏi để dành cho lúc khác — còn bây giờ, đó là hai kết nối được thiết lập vững chắc."
"DED_PROTO_Y_PROTOB_Q1","What does the cold-room log really tell you about who used Teodor's key card?","Đâu là điều mà sổ ghi phòng lạnh thực sự cho thấy về việc ai đã dùng thẻ từ của Teodor?"
"DED_PROTO_Y_PROTOB_EXP1","The cold-room log proves the card was physically held to the reader at 21:12. The shuttle timetable shows the trip from Riverside takes at least 20 minutes. The record placing Teodor himself at Riverside around that time shows he was too far away to have presented the card in person. Together, these facts show someone other than Teodor used his card.","Sổ ghi phòng lạnh chứng minh chiếc thẻ đã thực sự được đưa vào đầu đọc lúc 21:12. Bảng giờ xe đưa đón cho thấy quãng đường từ Riverside mất ít nhất 20 phút. Bản ghi xác nhận chính Teodor có mặt ở Riverside vào khoảng thời gian đó cho thấy anh ở quá xa để có thể tự mình đưa thẻ vào đầu đọc. Cùng nhau, những sự kiện này cho thấy có người khác ngoài Teodor đã dùng thẻ của anh."
"DED_PROTO_Y_PROTOB_Q2","What does the forced vent hatch really show about how the cold room was entered?","Đâu là điều mà cửa gió bị phá thực sự cho thấy về cách phòng lạnh bị xâm nhập?"
"DED_PROTO_Y_PROTOB_EXP2","The maintenance diagram states that a forced retaining tab bends away from the side the force came from. The tabs are bent outward, into the duct. The forced-hatch inspection also shows the hatch dust settled on top of scuffs that already led to the rack — those scuffs existed before the hatch was forced. Together, these facts show the hatch was forced from inside, after someone had already walked to the rack, to fake an outside entry.","Sơ đồ bảo trì ghi rằng các mấu giữ bị phá sẽ bẻ cong về phía ngược với hướng lực tác động. Các mấu giữ bị bẻ cong ra ngoài, vào trong đường ống. Việc kiểm tra cửa gió bị phá cũng cho thấy lớp bụi từ cửa gió rơi đè lên những vết trầy đã có sẵn dẫn đến giá để mẫu — những vết trầy đó đã tồn tại trước khi cửa gió bị phá. Cùng nhau, những sự kiện này cho thấy cửa gió bị phá từ bên trong, sau khi có người đã đi đến giá để mẫu, để tạo cảm giác như có người xâm nhập từ bên ngoài."
"DED_PROTO_Y_PROTOB_COMPLETION","You've formed two solid deductions from the evidence: someone other than Teodor used his key card, and the vent hatch was forced from inside to fake an outside entry. Whether that adds up to a full case against anyone is a question for another day — for now, two connections, soundly made.","Bạn đã hình thành hai suy luận vững chắc từ bằng chứng: có người khác ngoài Teodor đã dùng thẻ của anh, và cửa gió đã bị phá từ bên trong để dàn dựng một vụ xâm nhập từ bên ngoài. Liệu điều đó có đủ để kết luận toàn bộ vụ án hay không là câu hỏi để dành cho lúc khác — còn bây giờ, đó là hai kết nối được thiết lập vững chắc."
"DED_PROTO_Z_PROTOB_Q1","What does the seal registry really tell you about who used Nadia's scanner?","Đâu là điều mà sổ đăng ký niêm phong thực sự cho thấy về việc ai đã dùng máy quét của Nadia?"
"DED_PROTO_Z_PROTOB_EXP1","The seal registry proves the scanner was physically held to the seal at 06:42. The port map note shows the trip from the ferry pier takes at least 30 minutes. The record placing Nadia herself at the ferry around that time shows she was too far away to have used the scanner in person. Together, these facts show someone other than Nadia used her scanner.","Sổ đăng ký niêm phong chứng minh chiếc máy quét đã thực sự được áp vào con dấu lúc 06:42. Ghi chú bản đồ cảng cho thấy quãng đường từ bến phà mất ít nhất 30 phút. Bản ghi xác nhận chính Nadia có mặt ở bến phà vào khoảng thời gian đó cho thấy cô ở quá xa để có thể tự mình dùng máy quét. Cùng nhau, những sự kiện này cho thấy có người khác ngoài Nadia đã dùng máy quét của cô."
"DED_PROTO_Z_PROTOB_Q2","What does the cut rear fence really show about how the cage area was entered?","Đâu là điều mà hàng rào phía sau bị cắt thực sự cho thấy về cách khu vực lồng hàng bị xâm nhập?"
"DED_PROTO_Z_PROTOB_EXP2","The safety sheet states that a cut wire end bends away from the side the force came from. The wire ends are bent outward, toward the street. The cut-fence inspection also shows the clippings settled on top of boot prints that already led to the parcel — those prints existed before the fence was cut. Together, these facts show the fence was cut from inside, after someone had already walked to the parcel, to fake an outside entry.","Tờ hướng dẫn an toàn ghi rằng đầu dây thép bị cắt sẽ bẻ cong về phía ngược với hướng lực tác động. Các đầu dây thép bị bẻ cong ra ngoài, về phía đường phố. Việc kiểm tra hàng rào bị cắt cũng cho thấy các mảnh vụn rơi đè lên những dấu giày đã có sẵn dẫn đến kiện hàng — những dấu giày đó đã tồn tại trước khi hàng rào bị cắt. Cùng nhau, những sự kiện này cho thấy hàng rào bị cắt từ bên trong, sau khi có người đã đi đến kiện hàng, để tạo cảm giác như có người xâm nhập từ bên ngoài."
"DED_PROTO_Z_PROTOB_COMPLETION","You've formed two solid deductions from the evidence: someone other than Nadia used her scanner, and the rear fence was cut from inside to fake an outside entry. Whether that adds up to a full case against anyone is a question for another day — for now, two connections, soundly made.","Bạn đã hình thành hai suy luận vững chắc từ bằng chứng: có người khác ngoài Nadia đã dùng máy quét của cô, và hàng rào phía sau đã bị cắt từ bên trong để dàn dựng một vụ xâm nhập từ bên ngoài. Liệu điều đó có đủ để kết luận toàn bộ vụ án hay không là câu hỏi để dành cho lúc khác — còn bây giờ, đó là hai kết nối được thiết lập vững chắc."
"UI_PROTOTYPE_C_TITLE","Prototype C — Timeline Reconstruction","Nguyên Mẫu C — Tái Dựng Mốc Thời Gian"
"UI_PROTOTYPE_C_LAUNCH_BUTTON","Launch Prototype C — Timeline Reconstruction","Khởi Chạy Nguyên Mẫu C — Tái Dựng Mốc Thời Gian"
"UI_PROTOTYPE_C_RETURN_TO_LAB","Return to Lab","Quay Lại Phòng Thí Nghiệm"
"UI_PROTOTYPE_C_START","Start","Bắt Đầu"
"UI_PROTOTYPE_C_RESTART","Restart","Chơi Lại"
"UI_PROTOTYPE_C_NO_CASE_SELECTED","No case selected yet.","Chưa chọn vụ án nào."
"UI_PROTOTYPE_C_CHECK_BUTTON","Check Timeline","Kiểm Tra Mốc Thời Gian"
"UI_PROTOTYPE_C_HINT","Hint","Gợi Ý"
"UI_PROTOTYPE_C_CONTINUE","Continue","Tiếp Tục"
"UI_PROTOTYPE_C_SLOT_EMPTY","(empty)","(trống)"
"UI_PROTOTYPE_C_PLACE_BUTTON","Place Here","Đặt Vào Đây"
"UI_PROTOTYPE_C_REMOVE_BUTTON","Remove","Gỡ Ra"
"UI_PROTOTYPE_C_SELECT_BUTTON","Select","Chọn"
"UI_PROTOTYPE_C_SELECTED_LABEL","Selected","Đã Chọn"
"UI_PROTOTYPE_C_LOCKED_LABEL","locked","đã khóa"
"UI_PROTOTYPE_C_FACT_OPEN_BUTTON","View","Xem"
"UI_PROTOTYPE_C_FACT_UNOPENED","(unopened)","(chưa xem)"
"UI_PROTOTYPE_C_VIOLATIONS_LABEL","This timeline conflicts with:","Mốc thời gian này mâu thuẫn với:"
"UI_PROTOTYPE_C_FEEDBACK_SUCCESS_HEADLINE","Timeline confirmed","Mốc thời gian đã được xác nhận"
"UI_PROTOTYPE_C_FEEDBACK_INVALID","Place every event on the timeline before checking it.","Hãy đặt mọi sự kiện lên mốc thời gian trước khi kiểm tra."
"UI_PROTOTYPE_C_CLAIM_FITS_BUTTON","Fits the timeline","Phù hợp với mốc thời gian"
"UI_PROTOTYPE_C_CLAIM_IMPOSSIBLE_BUTTON","Impossible","Không thể xảy ra"
"UI_PROTOTYPE_C_COMPLETE_TITLE","Timeline Reconstructed","Đã Tái Dựng Mốc Thời Gian"
"UI_PROTOTYPE_C_CONFIRM_RESTART","Restart? All progress on this run will be lost.","Chơi lại? Mọi tiến trình của lượt chơi này sẽ mất."
"UI_PROTOTYPE_C_CONFIRM_EXIT","Return to the Lab? Your progress on this run will be lost.","Quay lại Phòng Thí Nghiệm? Tiến trình của lượt chơi này sẽ mất."
"UI_PROTOTYPE_C_RECORDER_START","Start Recording","Bắt Đầu Ghi"
"UI_PROTOTYPE_C_RECORDER_STOP","Stop","Dừng"
"UI_PROTOTYPE_C_RECORDER_CLEAR","Clear","Xóa"
"UI_PROTOTYPE_C_RECORDER_EXPORT","Export Recording","Xuất Bản Ghi"
"UI_PROTOTYPE_C_STATS_SUBMISSIONS","Timeline checks: %d","Số lần kiểm tra: %d"
"UI_PROTOTYPE_C_STATS_FAILED","Failed checks: %d","Số lần kiểm tra thất bại: %d"
"UI_PROTOTYPE_C_STATS_MOVES","Placements and moves: %d","Số lần đặt và di chuyển: %d"
"UI_PROTOTYPE_C_STATS_FACTS_OPENED","Facts opened: %d","Số sự kiện đã xem: %d"
"UI_PROTOTYPE_C_STATS_CLAIM_ATTEMPTS","Claim check attempts: %d","Số lần thử kiểm tra lời khai: %d"
"UI_PROTOTYPE_C_CLAIM_WRONG_FEEDBACK","That verdict and supporting fact don't hold together against your confirmed timeline.","Kết luận và sự kiện làm căn cứ đó không khớp với mốc thời gian bạn đã xác nhận."
"UI_PROTOTYPE_C_CLAIM_WRONG_VERDICT","Your confirmed timeline doesn't support that verdict.","Mốc thời gian đã xác nhận không ủng hộ kết luận đó."
"UI_PROTOTYPE_C_CLAIM_WRONG_JUSTIFICATION","The verdict holds, but that fact doesn't settle this claim on its own.","Kết luận đúng, nhưng tự sự kiện đó chưa đủ để giải quyết lời khai này."
"UI_PROTOTYPE_C_CLAIM_NEEDS_JUSTIFICATION","Choose a verdict and the established fact that supports it before submitting.","Hãy chọn kết luận và sự kiện đã xác lập làm căn cứ trước khi gửi."
"UI_PROTOTYPE_C_CLAIM_DUPLICATE","You've already submitted exactly this verdict and fact. Change one of them first — this costs nothing.","Bạn đã gửi đúng kết luận và sự kiện này rồi. Hãy thay đổi một trong hai trước — lần này không bị tính."
"UI_PROTOTYPE_C_CLAIM_INSTRUCTIONS","Decide whether the claim fits your confirmed timeline, then choose the established fact that proves it.","Hãy quyết định lời khai này có khớp với mốc thời gian đã xác nhận không, rồi chọn sự kiện đã xác lập chứng minh điều đó."
"UI_PROTOTYPE_C_JUSTIFICATION_LABEL","Supporting fact:","Sự kiện làm căn cứ:"
"UI_PROTOTYPE_C_CLAIM_SUBMIT_BUTTON","Submit Verdict","Gửi Kết Luận"
"UI_PROTOTYPE_C_JUSTIFICATION_RESULT","Your supporting fact: %s","Sự kiện làm căn cứ của bạn: %s"
"UI_PROTOTYPE_C_CATEGORY_ANCHOR","a fixed, confirmed time","một mốc thời gian cố định đã được xác nhận"
"UI_PROTOTYPE_C_CATEGORY_WINDOW","a confirmed time window","một khoảng thời gian đã được xác nhận"
"UI_PROTOTYPE_C_CATEGORY_ORDER","the order two events must happen in","thứ tự bắt buộc giữa hai sự kiện"
"UI_PROTOTYPE_C_CATEGORY_OVERLAP","two events that cannot happen at the same moment","hai sự kiện không thể diễn ra cùng lúc"
"UI_PROTOTYPE_C_CATEGORY_TRAVEL","the travel time between two places","thời gian di chuyển giữa hai địa điểm"
"UI_PROTOTYPE_C_FEEDBACK_CATEGORY","This timeline conflicts with one or more established facts. Look again at %s.","Mốc thời gian này mâu thuẫn với một hoặc nhiều sự kiện đã được xác lập. Hãy xem lại %s."
"UI_PROTOTYPE_C_FEEDBACK_FACT","This timeline conflicts with an established fact:","Mốc thời gian này mâu thuẫn với một sự kiện đã được xác lập:"
"UI_PROTOTYPE_C_CONFLICT_LABEL","conflict","mâu thuẫn"
"UI_PROTOTYPE_C_ASSISTANCE_PAIR","Critical relationship: %s","Mối quan hệ then chốt: %s"
"UI_PROTOTYPE_C_ASSISTANCE_CLAIM","Your partner notes that this claim is about when “%s” happened. Find the confirmed fact that pins that event down.","Cộng sự của bạn lưu ý lời khai này liên quan đến thời điểm “%s”. Hãy tìm sự kiện đã xác nhận giới hạn thời điểm đó."
"UI_PROTOTYPE_C_PARTNER_TIMELINE_NOTE","Your partner rebuilt the timeline so every established fact holds — including the ones your last attempt broke:","Cộng sự của bạn đã dựng lại mốc thời gian sao cho mọi sự kiện đã xác lập đều đúng — kể cả những điều lần thử trước của bạn đã vi phạm:"
"UI_PROTOTYPE_C_PARTNER_CLAIM_NOTE","Your partner settled the claim with the confirmed fact below.","Cộng sự của bạn đã giải quyết lời khai bằng sự kiện đã xác nhận dưới đây."
"UI_RESOLUTION_TIER_INDEPENDENT","Independent","Tự lực"
"UI_RESOLUTION_TIER_GUIDED","Guided","Có hướng dẫn"
"UI_RESOLUTION_TIER_ASSISTED","Assisted","Được hỗ trợ"
"UI_RESOLUTION_STATUS_ATTEMPTS","Formal commits before assistance: %d/%d","Lượt xác nhận chính thức trước khi cần hỗ trợ: %d/%d"
"UI_RESOLUTION_STATUS_ASSISTANCE_REQUIRED","Assistance required before submitting again","Cần nhận hỗ trợ trước khi gửi tiếp"
"UI_RESOLUTION_STATUS_ASSISTED_ATTEMPTS","Assisted attempts remaining: %d/%d","Lượt thử có hỗ trợ còn lại: %d/%d"
"UI_RESOLUTION_STATUS_PARTNER_AVAILABLE","Blind submissions closed — partner resolution available","Đã khóa việc gửi đoán mò — có thể giải quyết cùng cộng sự"
"UI_RESOLUTION_STATUS_RESOLVED","Resolved","Đã giải quyết"
"UI_RESOLUTION_STATUS_RESOLVED_PARTNER","Resolved with your partner","Đã giải quyết cùng cộng sự"
"UI_RESOLUTION_STATUS_TIER","Resolution: %s","Mức độ giải quyết: %s"
"UI_RESOLUTION_RUN_RESULT","Run result so far: %s","Kết quả lượt chơi tính đến nay: %s"
"UI_RESOLUTION_RUN_RESULT_FROM_EARLIER","Run result so far: %s (reached during an earlier challenge — this challenge is still fresh)","Kết quả lượt chơi tính đến nay: %s (đạt được ở một thử thách trước — thử thách này vẫn còn mới)"
"UI_RESOLUTION_HINT_NOTICE","Hints are optional. Using hint levels 1–2 marks this run Guided; levels 3–4 mark it Assisted.","Gợi ý là tùy chọn. Dùng gợi ý cấp 1–2 sẽ đánh dấu lượt chơi là Có hướng dẫn; cấp 3–4 là Được hỗ trợ."
"UI_RESOLUTION_NOTICE_ASSISTANCE_REQUIRED","That's three unsupported attempts. Your partner wants to step in — accept assistance before submitting again.","Đó là lần thử không có cơ sở thứ ba. Cộng sự của bạn muốn giúp một tay — hãy nhận hỗ trợ trước khi gửi tiếp."
"UI_RESOLUTION_NOTICE_PARTNER_AVAILABLE","Blind submissions are now closed for this puzzle. You can resolve it with your partner — nothing is lost and nothing needs replaying.","Việc gửi đoán mò cho câu đố này đã bị khóa. Bạn có thể giải quyết cùng cộng sự — không mất gì và không phải chơi lại."
"UI_RESOLUTION_NOTICE_TIER_CHANGED","This run is now %s.","Lượt chơi này hiện ở mức %s."
"UI_RESOLUTION_SUBMISSION_LOCKED","Submissions are paused for this puzzle. Accept assistance or resolve it with your partner first.","Việc gửi đang tạm khóa cho câu đố này. Hãy nhận hỗ trợ hoặc giải quyết cùng cộng sự trước."
"UI_RESOLUTION_INTERNAL_ERROR","Something went wrong while resolving this. Nothing was marked as solved.","Đã có lỗi khi giải quyết. Chưa có gì được đánh dấu là đã giải."
"UI_RESOLUTION_ACCEPT_ASSISTANCE","Accept Assistance","Nhận Hỗ Trợ"
"UI_RESOLUTION_RESOLVE_WITH_PARTNER","Resolve with Partner","Giải Quyết Cùng Cộng Sự"
"UI_RESOLUTION_ASSISTANCE_HEADLINE","Assisted Mode — your partner's pointer","Chế Độ Hỗ Trợ — gợi ý từ cộng sự"
"UI_RESOLUTION_PARTNER_HEADLINE","Resolved with your partner","Đã giải quyết cùng cộng sự"
"UI_RESOLUTION_STATS_TIME","Time: %s","Thời gian: %s"
"UI_RESOLUTION_STATS_FORMAL_COMMITS","Formal commits: %d","Số lượt xác nhận chính thức: %d"
"UI_RESOLUTION_STATS_FAILED_COMMITS","Failed formal commits: %d","Số lượt xác nhận thất bại: %d"
"UI_RESOLUTION_STATS_HINTS","Hints used: %d","Số gợi ý đã dùng: %d"
"UI_RESOLUTION_STATS_ASSISTANCE","Assistance used: %s","Đã nhận hỗ trợ: %s"
"UI_RESOLUTION_STATS_TIER","Resolution tier: %s","Mức độ giải quyết: %s"
"UI_RESOLUTION_STATS_PARTNER","Partner resolution used: %s","Đã giải quyết cùng cộng sự: %s"
"UI_RESOLUTION_YES","Yes","Có"
"UI_RESOLUTION_NO","No","Không"
"UI_PROTOTYPE_A_CREDIBILITY","Credibility: %d/%d","Độ tin cậy: %d/%d"
"UI_PROTOTYPE_A_REBUTTAL","%s brushes it aside: “That doesn't prove anything.”","%s gạt phăng đi: “Cái đó chẳng chứng minh được gì cả.”"
"UI_PROTOTYPE_A_FEEDBACK_DUPLICATE","You've already presented that evidence against this statement. Choose something different — this costs no credibility.","Bạn đã đưa bằng chứng đó để phản bác lời khai này rồi. Hãy chọn thứ khác — lần này không bị trừ độ tin cậy."
"UI_PROTOTYPE_A_PARTNER_NOTE","Your partner presents “%s” against the statement.","Cộng sự của bạn đưa ra “%s” để phản bác lời khai."
"UI_PROTOTYPE_A_ASSISTANCE_FOCUS","Focus on what %s said: “%s”","Hãy tập trung vào điều %s đã nói: “%s”"
"UI_PROTOTYPE_A_PARTNER_FOCUS_LABEL","Partner focus","Cộng sự lưu ý"
"DED_PROTO_X_PROTOC_OBJECTIVE","Reconstruct the evening's events at the archive, from Mara leaving to the cardigan being returned, using only the confirmed facts below.","Hãy tái dựng lại trình tự các sự kiện buổi tối tại kho lưu trữ, từ lúc Mara rời đi đến khi áo cardigan được trả lại, chỉ dựa trên những sự kiện đã xác nhận dưới đây."
"DED_PROTO_X_PROTOC_FACT_BADGE_TIME","The door log confirms the badge was used to open Stack Room 3 at exactly 20:06.","Nhật ký cửa xác nhận thẻ đã được dùng để mở Phòng Kho 3 vào đúng lúc 20:06."
"DED_PROTO_X_PROTOC_FACT_TRAM_TIME","Transit and camera records confirm Mara's travel card tapped out at Harbor Station at exactly 20:04.","Dữ liệu giao thông và camera xác nhận thẻ đi tàu của Mara quẹt ra tại ga Cảng vào đúng lúc 20:04."
"DED_PROTO_X_PROTOC_FACT_MARA_LEAVES","Mara says she left the archive sometime between 19:25 and 19:45.","Mara nói cô rời kho lưu trữ trong khoảng từ 19:25 đến 19:45."
"DED_PROTO_X_PROTOC_FACT_MARA_TRAVEL","The transit map note shows the fastest trip from the archive to Harbor Station takes at least 25 minutes.","Ghi chú bản đồ giao thông cho thấy chuyến đi nhanh nhất từ kho lưu trữ đến ga Cảng mất ít nhất 25 phút."
"DED_PROTO_X_PROTOC_FACT_CARDIGAN_TAKEN","The lost-property sheet places the cardigan being taken from the rack between 19:45 and 19:50.","Sổ đồ thất lạc ghi thời điểm áo cardigan được lấy khỏi giá trong khoảng từ 19:45 đến 19:50."
"DED_PROTO_X_PROTOC_FACT_CARDIGAN_RETURNED","The same sheet places the cardigan being handed back in between 20:13 and 20:16.","Cùng cuốn sổ đó ghi thời điểm áo cardigan được trả lại trong khoảng từ 20:13 đến 20:16."
"DED_PROTO_X_PROTOC_FACT_WINDOW_AFTER_ENTRY","The window was forced open at least a minute after the badge was used to enter.","Cửa sổ bị phá mở ít nhất một phút sau khi thẻ được dùng để vào phòng."
"DED_PROTO_X_PROTOC_FACT_WINDOW_HEARD","The night guard reports hearing the window forced sometime between 20:07 and 20:13.","Bảo vệ đêm cho biết đã nghe tiếng cửa sổ bị phá trong khoảng từ 20:07 đến 20:13."
"DED_PROTO_X_PROTOC_FACT_WINDOW_NOT_DURING_ERRAND","The window could not have been forced at the exact same moment the shredding pickup was underway.","Cửa sổ không thể bị phá đúng vào lúc việc bàn giao giấy hủy đang diễn ra."
"DED_PROTO_X_PROTOC_FACT_SHREDDING_WINDOW","The shredding contractor's log places the pickup between 20:08 and 20:12.","Sổ của bên thu gom giấy hủy ghi thời điểm bàn giao trong khoảng từ 20:08 đến 20:12."
"DED_PROTO_X_PROTOC_CONTRADICTION_EXP","Your confirmed timeline places the shredding pickup at %s — but Ilse claims she had already locked up and gone home by 19:45. Those can't both be true.","Trên mốc thời gian bạn đã xác nhận, việc bàn giao giấy hủy diễn ra lúc %s — nhưng Ilse lại nói cô đã khóa cửa và về nhà trước 19:45. Hai điều đó không thể cùng đúng."
"DED_PROTO_X_PROTOC_COMPLETION","Your reconstructed timeline holds up under every confirmed fact — and it makes Ilse's claim about leaving early impossible.","Mốc thời gian bạn tái dựng đứng vững trước mọi sự kiện đã xác nhận — và nó khiến lời khai của Ilse về việc về sớm trở nên không thể xảy ra."
"DED_PROTO_X_PROTOC_HINT_1","Start with the two fixed anchors — the badge and the travel-card tap — then work outward from them.","Hãy bắt đầu từ hai mốc cố định — thẻ ra vào và lượt quẹt thẻ đi tàu — rồi suy ra các sự kiện còn lại từ đó."
"DED_PROTO_X_PROTOC_HINT_2","Mara's claimed departure window only narrows down to a few minutes once you also account for how long the trip to Harbor Station takes.","Khoảng thời gian Mara nói cô rời đi chỉ thu hẹp còn vài phút khi bạn tính thêm thời gian đi đến ga Cảng."
"DED_PROTO_X_PROTOC_HINT_3","The window can only have been forced after the badge was used — and never at the exact same minute as the shredding pickup.","Cửa sổ chỉ có thể bị phá sau khi thẻ được dùng — và không bao giờ đúng vào phút mà việc bàn giao giấy hủy diễn ra."
"DED_PROTO_X_PROTOC_HINT_4","Compare the shredding pickup's own confirmed window against when the window was heard being forced — only one order of those two events fits every fact.","Hãy so sánh khoảng thời gian bàn giao giấy hủy đã xác nhận với thời điểm nghe thấy cửa sổ bị phá — chỉ có một thứ tự giữa hai sự kiện này khớp với mọi sự kiện đã biết."
"DED_PROTO_Y_PROTOC_OBJECTIVE","Reconstruct the evening's events at the lab building, from Teodor leaving to the lab coat being returned, using only the confirmed facts below.","Hãy tái dựng lại trình tự các sự kiện buổi tối tại tòa nhà phòng thí nghiệm, từ lúc Teodor rời đi đến khi áo blouse được trả lại, chỉ dựa trên những sự kiện đã xác nhận dưới đây."
"DED_PROTO_Y_PROTOC_FACT_CARD_TIME","The cold-room lock log confirms the key card was used to open the cold room at exactly 21:12.","Nhật ký khóa phòng lạnh xác nhận thẻ từ đã được dùng để mở phòng lạnh vào đúng lúc 21:12."
"DED_PROTO_Y_PROTOC_FACT_GYM_TIME","The gym entry system and desk camera confirm Teodor checked in at Riverside Gym at exactly 21:09.","Hệ thống ra vào phòng gym và camera ở quầy xác nhận Teodor quẹt thẻ vào Riverside Gym vào đúng lúc 21:09."
"DED_PROTO_Y_PROTOC_FACT_TEODOR_LEAVES","Teodor says he left the lab building sometime between 20:40 and 20:55.","Teodor nói anh rời tòa nhà phòng thí nghiệm trong khoảng từ 20:40 đến 20:55."
"DED_PROTO_Y_PROTOC_FACT_TEODOR_TRAVEL","The campus shuttle timetable shows the fastest trip from the lab building to Riverside Gym takes at least 20 minutes.","Lịch xe đưa đón khuôn viên cho thấy chuyến đi nhanh nhất từ tòa nhà phòng thí nghiệm đến Riverside Gym mất ít nhất 20 phút."
"DED_PROTO_Y_PROTOC_FACT_COAT_BORROWED","The laundry sheet places the lab coat being borrowed between 20:52 and 20:58.","Sổ giặt ghi thời điểm áo blouse được mượn trong khoảng từ 20:52 đến 20:58."
"DED_PROTO_Y_PROTOC_FACT_COAT_RETURNED","The same sheet places the lab coat being returned between 21:22 and 21:28.","Cùng cuốn sổ đó ghi thời điểm áo blouse được trả lại trong khoảng từ 21:22 đến 21:28."
"DED_PROTO_Y_PROTOC_FACT_HATCH_AFTER_ENTRY","The vent hatch was forced open at least a minute after the key card was used to enter.","Nắp thông gió bị phá mở ít nhất một phút sau khi thẻ từ được dùng để vào phòng."
"DED_PROTO_Y_PROTOC_FACT_HATCH_HEARD","The loading-bay camera's audio picks up the hatch being forced sometime between 21:13 and 21:19.","Âm thanh từ camera khu bốc dỡ ghi nhận nắp thông gió bị phá trong khoảng từ 21:13 đến 21:19."
"DED_PROTO_Y_PROTOC_FACT_HATCH_NOT_DURING_ERRAND","The hatch could not have been forced at the exact same moment the waste bin was being taken out.","Nắp thông gió không thể bị phá đúng vào lúc thùng rác đang được đẩy ra ngoài."
"DED_PROTO_Y_PROTOC_FACT_BIN_WINDOW","The waste collection manifest places the pickup between 21:16 and 21:20.","Phiếu thu gom chất thải ghi thời điểm thu gom trong khoảng từ 21:16 đến 21:20."
"DED_PROTO_Y_PROTOC_CONTRADICTION_EXP","Your confirmed timeline places the waste bin pickup at %s — but Bruno claims he had already finished his round and left by 20:45. Those can't both be true.","Trên mốc thời gian bạn đã xác nhận, việc đẩy thùng rác ra ngoài diễn ra lúc %s — nhưng Bruno lại nói anh đã làm xong ca và rời đi trước 20:45. Hai điều đó không thể cùng đúng."
"DED_PROTO_Y_PROTOC_COMPLETION","Your reconstructed timeline holds up under every confirmed fact — and it makes Bruno's claim about leaving early impossible.","Mốc thời gian bạn tái dựng đứng vững trước mọi sự kiện đã xác nhận — và nó khiến lời khai của Bruno về việc rời sớm trở nên không thể xảy ra."
"DED_PROTO_Y_PROTOC_HINT_1","Start with the two fixed anchors — the key card and the gym check-in — then work outward from them.","Hãy bắt đầu từ hai mốc cố định — thẻ từ và lượt quẹt vào phòng gym — rồi suy ra các sự kiện còn lại từ đó."
"DED_PROTO_Y_PROTOC_HINT_2","Teodor's claimed departure window only narrows down to a few minutes once you also account for how long the shuttle trip to Riverside Gym takes.","Khoảng thời gian Teodor nói anh rời đi chỉ thu hẹp còn vài phút khi bạn tính thêm thời gian đi xe đưa đón đến Riverside Gym."
"DED_PROTO_Y_PROTOC_HINT_3","The hatch can only have been forced after the key card was used — and never at the exact same minute as the waste bin pickup.","Nắp thông gió chỉ có thể bị phá sau khi thẻ từ được dùng — và không bao giờ đúng vào phút mà việc thu gom thùng rác diễn ra."
"DED_PROTO_Y_PROTOC_HINT_4","Compare the waste bin's own confirmed pickup window against when the hatch was heard being forced — only one order of those two events fits every fact.","Hãy so sánh khoảng thời gian thu gom thùng rác đã xác nhận với thời điểm nghe thấy nắp thông gió bị phá — chỉ có một thứ tự giữa hai sự kiện này khớp với mọi sự kiện đã biết."
"DED_PROTO_Z_PROTOC_OBJECTIVE","Reconstruct the morning's events at the customs depot, from Nadia leaving to the scanner being returned, using only the confirmed facts below.","Hãy tái dựng lại trình tự các sự kiện buổi sáng tại kho hải quan, từ lúc Nadia rời đi đến khi máy quét được trả lại, chỉ dựa trên những sự kiện đã xác nhận dưới đây."
"DED_PROTO_Z_PROTOC_FACT_SEAL_TIME","The seal registry confirms the scanner was used to seal parcel 118 at exactly 06:42.","Sổ đăng ký niêm phong xác nhận máy quét đã được dùng để niêm phong kiện hàng 118 vào đúng lúc 06:42."
"DED_PROTO_Z_PROTOC_FACT_FERRY_TIME","The ferry gate record confirms Nadia's ticket was scanned boarding at North Pier at exactly 06:38.","Dữ liệu cổng lên phà xác nhận vé của Nadia được quét khi lên phà tại Bến Bắc vào đúng lúc 06:38."
"DED_PROTO_Z_PROTOC_FACT_NADIA_LEAVES","Nadia says she left the depot sometime between 05:55 and 06:10.","Nadia nói cô rời kho hải quan trong khoảng từ 05:55 đến 06:10."
"DED_PROTO_Z_PROTOC_FACT_NADIA_TRAVEL","The port map note shows the fastest route from the depot to North Pier takes at least 30 minutes.","Ghi chú bản đồ cảng cho thấy tuyến đường nhanh nhất từ kho hải quan đến Bến Bắc mất ít nhất 30 phút."
"DED_PROTO_Z_PROTOC_FACT_SCANNER_TAKEN","The equipment locker log places the scanner being taken from the charging dock between 06:18 and 06:22.","Sổ tủ thiết bị ghi thời điểm máy quét được lấy khỏi đế sạc trong khoảng từ 06:18 đến 06:22."
"DED_PROTO_Z_PROTOC_FACT_SCANNER_RETURNED","The same log places the scanner being returned between 06:52 and 06:58.","Cùng cuốn sổ đó ghi thời điểm máy quét được trả lại trong khoảng từ 06:52 đến 06:58."
"DED_PROTO_Z_PROTOC_FACT_FENCE_AFTER_SEALING","The rear fence was cut at least a minute after the scanner was used to seal the parcel.","Hàng rào phía sau bị cắt ít nhất một phút sau khi máy quét được dùng để niêm phong kiện hàng."
"DED_PROTO_Z_PROTOC_FACT_FENCE_HEARD","The yard guard reports hearing wire snap sometime between 06:43 and 06:49.","Bảo vệ sân bãi cho biết đã nghe tiếng dây đứt trong khoảng từ 06:43 đến 06:49."
"DED_PROTO_Z_PROTOC_FACT_FENCE_NOT_DURING_ERRAND","The fence could not have been cut at the exact same moment the covered pallet was being moved.","Hàng rào không thể bị cắt đúng vào lúc pallet phủ bạt đang được chuyển đi."
"DED_PROTO_Z_PROTOC_FACT_PALLET_WINDOW","The dispatch manifest places the pallet move between 06:45 and 06:49.","Phiếu xuất hàng ghi thời điểm chuyển pallet trong khoảng từ 06:45 đến 06:49."
"DED_PROTO_Z_PROTOC_CONTRADICTION_EXP","Your confirmed timeline places the pallet move at %s — but Gus claims he wasn't anywhere near the yard after 06:30. Those can't both be true.","Trên mốc thời gian bạn đã xác nhận, việc chuyển pallet diễn ra lúc %s — nhưng Gus lại nói anh không hề ở gần sân bãi sau 06:30. Hai điều đó không thể cùng đúng."
"DED_PROTO_Z_PROTOC_COMPLETION","Your reconstructed timeline holds up under every confirmed fact — and it makes Gus's claim about staying away from the yard impossible.","Mốc thời gian bạn tái dựng đứng vững trước mọi sự kiện đã xác nhận — và nó khiến lời khai của Gus về việc tránh xa sân bãi trở nên không thể xảy ra."
"DED_PROTO_Z_PROTOC_HINT_1","Start with the two fixed anchors — the scanner seal and the ferry boarding scan — then work outward from them.","Hãy bắt đầu từ hai mốc cố định — lượt niêm phong bằng máy quét và lượt quét vé lên phà — rồi suy ra các sự kiện còn lại từ đó."
"DED_PROTO_Z_PROTOC_HINT_2","Nadia's claimed departure window only narrows down to a few minutes once you also account for how long the route to North Pier takes.","Khoảng thời gian Nadia nói cô rời đi chỉ thu hẹp còn vài phút khi bạn tính thêm thời gian đi đến Bến Bắc."
"DED_PROTO_Z_PROTOC_HINT_3","The fence can only have been cut after the scanner was used — and never at the exact same minute as the pallet move.","Hàng rào chỉ có thể bị cắt sau khi máy quét được dùng — và không bao giờ đúng vào phút mà việc chuyển pallet diễn ra."
"DED_PROTO_Z_PROTOC_HINT_4","Compare the pallet's own confirmed move window against when the fence was heard being cut — only one order of those two events fits every fact.","Hãy so sánh khoảng thời gian chuyển pallet đã xác nhận với thời điểm nghe thấy hàng rào bị cắt — chỉ có một thứ tự giữa hai sự kiện này khớp với mọi sự kiện đã biết."
"CASE_SBX_ARCHIVE_NAME","[Sandbox] The Archive Badge","[Thử nghiệm] Chiếc Thẻ Ở Kho Lưu Trữ"
"CASE_SBX_ARCHIVE_DESC","Non-canon technical sandbox chapter. Placeholder content that only proves the core loop works.","Chương thử nghiệm kỹ thuật, không thuộc cốt truyện. Nội dung tạm thời, chỉ để chứng minh vòng lặp chơi cốt lõi hoạt động."
"CHAPTER_SBX_01_NAME","Sandbox Chapter: The Archive Badge","Chương thử nghiệm: Chiếc Thẻ Ở Kho Lưu Trữ"
"CL_SBX_BRIEFING_TITLE","Briefing — The Archive Badge","Tóm tắt vụ việc — Chiếc Thẻ Ở Kho Lưu Trữ"
"CL_SBX_BRIEFING_TEXT","A confidential ledger vanished from Stack Room 3 of the city archive last night. The door log says archivist Mara Voss's staff badge opened the room at 20:06 — but Mara insists she was across town. Talk to the people still at the archive, examine what they left behind, and keep what you find in your Case File. When the pieces fit, connect them.","Đêm qua, một cuốn sổ cái mật đã biến mất khỏi Phòng Kho 3 của kho lưu trữ thành phố. Nhật ký cửa cho thấy thẻ nhân viên của nhân viên lưu trữ Mara Voss đã mở căn phòng lúc 20:06 — nhưng Mara khẳng định lúc đó cô đang ở đầu kia thành phố. Hãy nói chuyện với những người còn ở kho lưu trữ, xem xét những gì họ để lại và lưu những gì bạn tìm thấy vào Hồ sơ vụ án. Khi các mảnh ghép khớp nhau, hãy kết nối chúng."
"CL_SBX_RESULT_TITLE","Case closed — The Archive Badge","Khép lại vụ án — Chiếc Thẻ Ở Kho Lưu Trữ"
"CL_SBX_RESULT_TEXT","Step by step, the evening at the archive came back together:","Từng bước một, buổi tối ở kho lưu trữ đã được tái hiện:"
"CL_SBX_UNIT_B1_TITLE","Connect the clues: whose hand held the badge?","Kết nối manh mối: ai đã cầm chiếc thẻ?"
"CL_SBX_UNIT_A1_TITLE","Confront Oren","Đối chất với Oren"
"CL_SBX_UNIT_B2_TITLE","Connect the clues: how was the room entered?","Kết nối manh mối: căn phòng bị xâm nhập bằng cách nào?"
"CL_SBX_UNIT_C1_TITLE","Reconstruct the evening","Tái dựng buổi tối"
"CL_SBX_FINDING_B1","Mara was already at Harbor Station when her badge opened the stack room — someone else used it.","Mara đã ở ga Cảng khi thẻ của cô mở phòng kho — một người khác đã dùng nó."
"CL_SBX_FINDING_A1","Oren's denial fell apart: the lost-property sheet shows he signed out the cardigan with Mara's badge clipped on.","Lời chối của Oren sụp đổ: sổ đồ thất lạc cho thấy anh ta đã nhận chiếc áo cardigan có kẹp thẻ của Mara."
"CL_SBX_FINDING_B2","The window was forced from inside the room — the break-in was staged.","Cửa sổ bị phá từ bên trong phòng — vụ đột nhập đã được dàn dựng."
"CL_SBX_FINDING_C1_TIMELINE","The confirmed facts fit together into one consistent evening.","Các sự kiện đã xác nhận ghép lại thành một buổi tối nhất quán."
"CL_SBX_FINDING_C1_CLAIM","Ilse's account of leaving early could not be true — the timeline rules it out.","Lời kể về việc Ilse về sớm không thể đúng — dòng thời gian đã loại trừ điều đó."
"CL_SBX_OBJECTIVE_BRIEFING","Read the briefing.","Đọc bản tóm tắt vụ việc."
"CL_SBX_OBJECTIVE_INVESTIGATION_1","Find out whether Mara could have used her own badge at 20:06. Ask around and examine the records.","Tìm hiểu xem Mara có thể tự dùng thẻ của mình lúc 20:06 hay không. Hãy hỏi han và xem xét các hồ sơ."
"CL_SBX_OBJECTIVE_CONFRONTATION","Someone else used the badge. Press the people who were near it.","Một người khác đã dùng chiếc thẻ. Hãy chất vấn những ai đã ở gần nó."
"CL_SBX_OBJECTIVE_INVESTIGATION_2","The stack room window is open for a closer look now. Work out how the room was really entered.","Giờ đã có thể xem xét kỹ cửa sổ phòng kho. Hãy tìm ra căn phòng thực sự bị xâm nhập bằng cách nào."
"CL_SBX_OBJECTIVE_TIMELINE","Put the evening back in order.","Sắp xếp lại trình tự buổi tối."
"CL_SBX_OBJECTIVE_FINAL_CLAIM","Use the timeline you rebuilt to judge one last account.","Dùng dòng thời gian bạn đã dựng lại để đánh giá lời kể cuối cùng."
"EVID_SBX_DOOR_LOG_SHORT","When the stack room door opened, and with whose badge.","Cửa phòng kho mở lúc nào, bằng thẻ của ai."
"EVID_SBX_TRAM_TAP_SHORT","Where Mara's travel card was used that evening.","Thẻ đi tàu của Mara được dùng ở đâu tối hôm đó."
"EVID_SBX_HARBOR_PHOTO_SHORT","A photo of Mara at dinner.","Một bức ảnh Mara đang ăn tối."
"EVID_SBX_ROUTE_NOTE_SHORT","How long the trip from Harbor takes.","Chuyến đi từ khu Cảng mất bao lâu."
"EVID_SBX_LOST_PROPERTY_SHEET_SHORT","Who took what from lost property, and when.","Ai đã nhận gì từ quầy đồ thất lạc, và lúc nào."
"EVID_SBX_FORCED_WINDOW_SHORT","The stack room window, forced open.","Cửa sổ phòng kho bị phá mở."
"EVID_SBX_LATCH_GUIDE_SHORT","How a forced latch bends.","Chốt cửa bị phá sẽ cong theo hướng nào."
"EVID_SBX_WINDOW_LATCH_SHORT","Which way the latch is bent.","Chốt cửa sổ cong về phía nào."
"EVID_SBX_BACK_DOOR_SIGHTING_SHORT","What the night guard saw at the back door.","Bảo vệ đêm đã thấy gì ở cửa sau."
"EVID_SBX_SHREDDING_LOG_SHORT","A back-door pickup of shredded paper.","Một lần nhận giấy hủy ở cửa sau."
"LOC_SBX_LOBBY_NAME","Archive front desk","Quầy lễ tân kho lưu trữ"
"LOC_SBX_STACKS_WING_NAME","Stacks wing — Stack Room 3","Khu kho sách — Phòng Kho 3"
"LOC_SBX_MAINTENANCE_OFFICE_NAME","Maintenance office","Phòng bảo trì"
"LOC_SBX_TOPIC_MARA_GREETING","About the badge","Về chiếc thẻ"
"LOC_SBX_TOPIC_MARA_EVENING","Where she was that evening","Tối hôm đó cô ở đâu"
"LOC_SBX_TOPIC_MARA_PHOTO","Anyone who saw her at dinner?","Có ai thấy cô lúc ăn tối không?"
"LOC_SBX_TOPIC_ILSE_GREETING","The front desk","Quầy lễ tân"
"LOC_SBX_TOPIC_ILSE_LEFT_EARLY","When she left","Cô rời đi lúc nào"
"LOC_SBX_TOPIC_OREN_GREETING","His research visit","Chuyến nghiên cứu của anh ta"
"LOC_SBX_TOPIC_OREN_BADGE","Ask about Mara's badge","Hỏi về thẻ của Mara"
"LOC_SBX_EXAMINE_FRONT_DESK_LOG","Front desk logbook","Sổ ghi của quầy lễ tân"
"LOC_SBX_EXAMINE_TRANSIT_MAP","Transit map on the wall","Bản đồ giao thông trên tường"
"LOC_SBX_EXAMINE_NOTICEBOARD","Staff noticeboard","Bảng tin nhân viên"
"LOC_SBX_EXAMINE_DOOR_TERMINAL","Door security terminal","Máy an ninh ở cửa"
"LOC_SBX_EXAMINE_FORCED_WINDOW","The forced window","Cửa sổ bị phá"
"LOC_SBX_EXAMINE_WINDOW_LATCH","The window latch, up close","Chốt cửa sổ, nhìn gần"
"LOC_SBX_EXAMINE_REPAIR_SHELF","Repair manuals shelf","Kệ sách hướng dẫn sửa chữa"
"LOC_SBX_EXAMINE_PICKUP_CLIPBOARD","Pickup clipboard","Bảng kẹp giấy nhận hàng"
"LOC_SBX_DEST_STACKS_WING","Go to the stacks wing","Đến khu kho sách"
"LOC_SBX_DEST_MAINTENANCE_OFFICE","Go to the maintenance office","Đến phòng bảo trì"
"LOC_SBX_DEST_LOBBY","Back to the front desk","Quay lại quầy lễ tân"
"DLG_SBX_MARA_GREETING_1","My badge opened the stack room? I wasn't even here — I left long before that.","Thẻ của tôi mở phòng kho sao? Tôi còn không ở đây — tôi đã đi từ lâu trước đó."
"DLG_SBX_MARA_EVENING_1","I went to Harbor for dinner. Took the tram, like always.","Tôi đến khu Cảng ăn tối. Đi tàu điện, như mọi khi."
"DLG_SBX_MARA_EVENING_2","Here — you can check my travel card record yourself.","Đây — anh/chị có thể tự kiểm tra lịch sử thẻ đi tàu của tôi."
"DLG_SBX_MARA_PHOTO_1","My friend posted a photo of us at the grill. The harbor clock is right behind me.","Bạn tôi có đăng ảnh chúng tôi ở quán nướng. Đồng hồ khu Cảng ở ngay sau lưng tôi."
"DLG_SBX_MARA_PRESENT_GENERIC_1","I'm not sure what that has to do with me.","Tôi không chắc điều đó liên quan gì đến tôi."
"DLG_SBX_ILSE_GREETING_1","Front desk. The archive's closed, but the police asked me to wait here.","Quầy lễ tân đây. Kho lưu trữ đã đóng cửa, nhưng cảnh sát bảo tôi đợi ở đây."
"DLG_SBX_ILSE_LEFT_EARLY_1","Me? I locked the desk and went home at quarter to eight. I didn't see anything.","Tôi à? Tôi khóa quầy rồi về nhà lúc tám giờ kém mười lăm. Tôi không thấy gì cả."
"DLG_SBX_ILSE_PRESENT_GENERIC_1","I don't know anything about that, sorry.","Xin lỗi, tôi không biết gì về chuyện đó."
"DLG_SBX_OREN_GREETING_1","Oren Tal, visiting researcher. A terrible business — I only came for the old maps.","Oren Tal, nhà nghiên cứu khách. Chuyện thật tồi tệ — tôi chỉ đến để xem mấy tấm bản đồ cũ."
"DLG_SBX_OREN_BADGE_1","You ask Oren how Mara's badge could have opened the stack room while she was across town.","Bạn hỏi Oren làm sao thẻ của Mara có thể mở phòng kho trong khi cô ấy đang ở đầu kia thành phố."
"DLG_SBX_OREN_BADGE_2","How would I know? Ask me properly if you think I'm lying — I have nothing to hide.","Làm sao tôi biết được? Nếu nghĩ tôi nói dối thì cứ hỏi cho đàng hoàng — tôi chẳng có gì phải giấu."
"DLG_SBX_OREN_PRESENT_GENERIC_1","And? That proves nothing about me.","Rồi sao? Điều đó chẳng chứng minh được gì về tôi."
"DLG_SBX_EXAMINE_FRONT_DESK_LOG_1","Tucked in the logbook is Ilse's lost-property sheet. You copy it into your Case File.","Kẹp trong sổ ghi là tờ sổ đồ thất lạc của Ilse. Bạn chép nó vào Hồ sơ vụ án."
"DLG_SBX_EXAMINE_FRONT_DESK_LOG_AFTER_1","You already copied the lost-property sheet.","Bạn đã chép tờ sổ đồ thất lạc rồi."
"DLG_SBX_EXAMINE_TRANSIT_MAP_1","A note pinned to the transit map gives travel times from Harbor. You note it down.","Một ghi chú ghim trên bản đồ giao thông cho biết thời gian đi từ khu Cảng. Bạn ghi lại."
"DLG_SBX_EXAMINE_TRANSIT_MAP_AFTER_1","The travel times haven't changed.","Thời gian di chuyển không có gì thay đổi."
"DLG_SBX_EXAMINE_NOTICEBOARD_1","The night guard left a written account on the noticeboard. You take a copy.","Bảo vệ đêm để lại một bản tường trình trên bảng tin. Bạn lấy một bản sao."
"DLG_SBX_EXAMINE_NOTICEBOARD_AFTER_1","Nothing else on the board looks relevant.","Không còn gì trên bảng tin có vẻ liên quan."
"DLG_SBX_EXAMINE_DOOR_TERMINAL_1","The terminal prints the door log for Stack Room 3. You add it to your Case File.","Máy in ra nhật ký cửa của Phòng Kho 3. Bạn thêm nó vào Hồ sơ vụ án."
"DLG_SBX_EXAMINE_DOOR_TERMINAL_AFTER_1","The terminal shows the same door log.","Máy vẫn hiển thị cùng nhật ký cửa đó."
"DLG_SBX_EXAMINE_FORCED_WINDOW_1","You look over the forced window and the empty ledger shelf, and note what you see.","Bạn xem xét cửa sổ bị phá và kệ sổ cái trống trơn, rồi ghi lại những gì thấy được."
"DLG_SBX_EXAMINE_FORCED_WINDOW_AFTER_1","The window is just as you noted it.","Cửa sổ vẫn y như bạn đã ghi lại."
"DLG_SBX_EXAMINE_WINDOW_LATCH_1","Up close, you study the latch and note which way it is bent.","Nhìn gần, bạn xem xét chốt cửa và ghi lại nó cong về phía nào."
"DLG_SBX_EXAMINE_WINDOW_LATCH_AFTER_1","You have already noted the latch.","Bạn đã ghi lại chốt cửa rồi."
"DLG_SBX_EXAMINE_WINDOW_LATCH_LOCKED_1","The window is roped off. You'll need a better reason before anyone lets you near it.","Cửa sổ đã bị giăng dây. Bạn cần một lý do chính đáng hơn trước khi được đến gần."
"DLG_SBX_EXAMINE_REPAIR_SHELF_1","An illustrated window-repair guide explains how forced latches bend. You take it.","Một cuốn hướng dẫn sửa cửa sổ có hình minh họa giải thích chốt cửa bị phá sẽ cong ra sao. Bạn lấy nó."
"DLG_SBX_EXAMINE_REPAIR_SHELF_AFTER_1","The rest of the manuals are about plumbing.","Những cuốn còn lại đều nói về hệ thống ống nước."
"DLG_SBX_EXAMINE_PICKUP_CLIPBOARD_1","The shredding contractor's pickup log hangs here. You copy the last entry.","Sổ nhận hàng của bên thu gom giấy hủy treo ở đây. Bạn chép lại dòng cuối cùng."
"DLG_SBX_EXAMINE_PICKUP_CLIPBOARD_AFTER_1","No newer entries on the clipboard.","Không có dòng mới nào trên bảng kẹp."
"UI_CORE_LOOP_A_EVIDENCE","Evidence you can present","Vật chứng có thể đưa ra"
"UI_CORE_LOOP_A_NONE_SELECTED","No evidence chosen yet.","Chưa chọn vật chứng nào."
"UI_CORE_LOOP_A_PRESENT","Present evidence","Đưa ra vật chứng"
"UI_CORE_LOOP_A_PROMPT","Pick the statement you can disprove, then choose the one piece of evidence that shows it's false.","Chọn lời khai mà bạn có thể bác bỏ, rồi chọn một vật chứng cho thấy lời khai đó sai."
"UI_CORE_LOOP_A_REFUTED","(contradicted)","(đã bị bác bỏ)"
"UI_CORE_LOOP_A_SELECT","Choose","Chọn"
"UI_CORE_LOOP_A_SELECTED","Chosen: %s","Đã chọn: %s"
"UI_CORE_LOOP_A_TESTIMONY","Testimony","Lời khai"
"UI_CORE_LOOP_B_COMMIT","Connect these clues","Kết nối các manh mối này"
"UI_CORE_LOOP_B_DRAFT_NOTE","Your draft is kept if you leave. Only ""Connect these clues"" counts as an attempt.","Bản nháp của bạn được giữ lại khi rời đi. Chỉ ""Kết nối các manh mối này"" mới được tính là một lần thử."
"UI_CORE_LOOP_B_POOL","Clues from your Case File","Manh mối từ Hồ sơ vụ án"
"UI_CORE_LOOP_B_SLOT","Clue %d:","Manh mối %d:"
"UI_CORE_LOOP_B_SLOT_EMPTY","— empty —","— trống —"
"UI_CORE_LOOP_B_SLOTS","Your connection (%d/%d clues)","Mối liên kết của bạn (%d/%d manh mối)"
"UI_CORE_LOOP_BRIEFING_CONTINUE","Begin investigating","Bắt đầu điều tra"
"UI_CORE_LOOP_C_CHECK","Check timeline","Kiểm tra dòng thời gian"
"UI_CORE_LOOP_C_CLAIM_HEADER","One last account","Lời kể cuối cùng"
"UI_CORE_LOOP_C_DURATION","(%d min)","(%d phút)"
"UI_CORE_LOOP_C_EVENTS","Events","Sự kiện"
"UI_CORE_LOOP_C_FACT_CLOSED","A confirmed fact (not read yet)","Một sự kiện đã xác nhận (chưa đọc)"
"UI_CORE_LOOP_C_FACTS","Confirmed facts","Các sự kiện đã xác nhận"
"UI_CORE_LOOP_C_FITS","Fits the timeline","Khớp với dòng thời gian"
"UI_CORE_LOOP_C_FIXED","(fixed at %s)","(cố định lúc %s)"
"UI_CORE_LOOP_C_IMPOSSIBLE","Impossible","Không thể xảy ra"
"UI_CORE_LOOP_C_PLACED","— at %s","— lúc %s"
"UI_CORE_LOOP_C_SUBMIT","Submit verdict","Gửi kết luận"
"UI_CORE_LOOP_C_SUPPORT","Which confirmed fact settles it?","Sự kiện đã xác nhận nào quyết định điều đó?"
"UI_CORE_LOOP_C_UNPLACED","— not placed yet","— chưa đặt"
"UI_CORE_LOOP_C_UNPLACED_COUNT","%d event(s) still to place.","Còn %d sự kiện chưa đặt."
"UI_CORE_LOOP_CANCEL","Cancel","Hủy"
"UI_CORE_LOOP_CASE_FILE_BUTTON","Case File","Hồ sơ vụ án"
"UI_CORE_LOOP_CASE_FILE_TITLE","Case File","Hồ sơ vụ án"
"UI_CORE_LOOP_CHAPTER_DONE","The chapter is complete.","Chương đã hoàn thành."
"UI_CORE_LOOP_CHOSEN_TAG","chosen","đã chọn"
"UI_CORE_LOOP_CLAIM_ACCEPTED","Your verdict stands.","Kết luận của bạn đứng vững."
"UI_CORE_LOOP_CLAIM_REJECTED","That verdict doesn't stand up.","Kết luận đó chưa đứng vững."
"UI_CORE_LOOP_CLOSE","Close","Đóng"
"UI_CORE_LOOP_CONFIRM","Confirm","Xác nhận"
"UI_CORE_LOOP_CONFIRM_RESTART","Start this chapter over from the briefing? This replaces your saved game.","Bắt đầu lại chương này từ phần tóm tắt? Việc này sẽ thay thế bản lưu hiện tại."
"UI_CORE_LOOP_CONTINUE","Continue","Tiếp tục"
"UI_CORE_LOOP_ERROR","This chapter could not be loaded safely. Return to the main menu and start a new game.","Không thể tải chương này một cách an toàn. Hãy quay lại menu chính và bắt đầu ván mới."
"UI_CORE_LOOP_EVIDENCE_EMPTY","No evidence yet. Examine things and talk to people to fill your Case File.","Chưa có vật chứng nào. Hãy xem xét đồ vật và trò chuyện với mọi người để bổ sung Hồ sơ vụ án."
"UI_CORE_LOOP_EVIDENCE_HEADER","Evidence","Vật chứng"
"UI_CORE_LOOP_EXPORT","Export evaluation log","Xuất nhật ký đánh giá"
"UI_CORE_LOOP_EXPORT_FAILED","The evaluation log could not be saved. Your game is unaffected.","Không thể lưu nhật ký đánh giá. Ván chơi của bạn không bị ảnh hưởng."
"UI_CORE_LOOP_EXPORTED","Evaluation log saved to %s","Đã lưu nhật ký đánh giá tại %s"
"UI_CORE_LOOP_FINDING_PARTNER","(worked through with your partner)","(cùng cộng sự giải quyết)"
"UI_CORE_LOOP_FINDINGS_EMPTY","Nothing established yet.","Chưa xác lập được điều gì."
"UI_CORE_LOOP_FINDINGS_HEADER","What you've established","Những điều bạn đã xác lập"
"UI_CORE_LOOP_HINT_BUTTON","Reveal a hint","Xem gợi ý"
"UI_CORE_LOOP_HINT_NOTE","Hints reveal one step at a time.","Gợi ý được hé lộ từng bước một."
"UI_CORE_LOOP_HINTS_HEADER","Hints","Gợi ý"
"UI_CORE_LOOP_MENU","Main menu","Menu chính"
"UI_CORE_LOOP_NEW_EVIDENCE","Added to your Case File: %s","Đã thêm vào Hồ sơ vụ án: %s"
"UI_CORE_LOOP_NON_CANON","Non-canon technical sandbox — placeholder people, places and text.","Bản thử nghiệm kỹ thuật không thuộc cốt truyện — nhân vật, địa điểm và lời thoại đều là tạm thời."
"UI_CORE_LOOP_OBJECTIVE","Objective: %s","Mục tiêu: %s"
"UI_CORE_LOOP_OPEN_UNIT","Work on it: %s","Giải quyết: %s"
"UI_CORE_LOOP_PIN","Pin to top","Ghim lên đầu"
"UI_CORE_LOOP_PINNED_TAG","(pinned)","(đã ghim)"
"UI_CORE_LOOP_PLACE","Place","Đặt vào"
"UI_CORE_LOOP_PLACED_TAG","placed","đã đặt"
"UI_CORE_LOOP_READ","Read","Đọc"
"UI_CORE_LOOP_REMOVE","Remove","Bỏ ra"
"UI_CORE_LOOP_RESTART","Restart chapter","Chơi lại chương"
"UI_CORE_LOOP_RETURN","Back to investigation","Quay lại điều tra"
"UI_CORE_LOOP_SANDBOX_BADGE","Non-canon sandbox","Bản thử nghiệm"
"UI_CORE_LOOP_SAVE_FAILED","Progress could not be saved to disk. You can keep playing.","Không thể lưu tiến trình xuống đĩa. Bạn vẫn có thể tiếp tục chơi."
"UI_CORE_LOOP_SELECT_EVIDENCE_PROMPT","Select an item to read it.","Chọn một mục để đọc."
"UI_CORE_LOOP_TIMELINE_ACCEPTED","The timeline holds together.","Dòng thời gian đã khớp."
"UI_CORE_LOOP_TIMELINE_REJECTED","The timeline doesn't hold together yet.","Dòng thời gian vẫn chưa khớp."
"UI_CORE_LOOP_UNIT_DONE","You've already worked that out.","Bạn đã giải quyết điều đó rồi."
"UI_CORE_LOOP_UNIT_LOCKED","Keep investigating — you don't have enough to work with yet.","Hãy tiếp tục điều tra — bạn chưa có đủ thông tin để làm việc."
"UI_CORE_LOOP_UNIT_NOT_YET","That isn't something you can work on right now.","Đó không phải là việc bạn có thể làm lúc này."
"UI_CORE_LOOP_UNIT_UNAVAILABLE","That isn't available right now.","Điều đó hiện chưa khả dụng."
"UI_CORE_LOOP_UNPIN","Unpin","Bỏ ghim"
"UI_CORE_LOOP_UNREAD_TAG","(unread)","(chưa đọc)"
"UI_MENU_CONFIRM_NEW_GAME","Start over? Your current progress in this game will be replaced.","Bắt đầu lại? Tiến trình hiện tại của ván này sẽ bị thay thế."
"UI_TITLE_CONFIRM_NEW_GAME","Start a new game? Your saved progress will be replaced.","Bắt đầu ván mới? Tiến trình đã lưu sẽ bị thay thế."
"UI_TITLE_SAVE_UNREADABLE","Your saved game could not be read, so it can't be continued. Start a new game to play.","Không thể đọc bản lưu của bạn nên không thể tiếp tục. Hãy bắt đầu ván mới để chơi."
